movie_id,name
10494,Barry Stigler
10494,Bill Timoney
10494,Bob Buchholz
10494,Brad Sergi
10494,Bridget Hoffman
10494,Carol Stanzione
10494,Christopher Carroll
10494,Dari Lallou
10494,David Ellenstein
10494,Don Fischer
10494,Dyanne DiRosario
10494,Jamieson Price
10494,Kevin Seymour
10494,Kirk Thornton
10494,Lia Sargent
10494,Mary Elizabeth McGlynn
10494,Matt K. Miller
10494,Michael Lindsay
10494,Michael McCarty
10494,Paul St. Peter
10494,R. Martin Klein
10494,Randy McPherson
10494,Steve Apostolina
10494,Steve Blum
10494,Steve Bulen
10494,Steve McGowan
10494,Sven Nosgard
10494,Wendee Lee
13398,Candice Moore
13398,Crispin Freeman
13398,Darren Pleavin
13398,David Manis
13398,Erica Schroeder
13398,Gloria Garayua
13398,Jaden Waldman
13398,Jamieson Price
13398,Jon Avner
13398,Jordan Cole
13398,Kate Bornstein
13398,Kirk Thornton
13398,Larissa Gallagher
13398,Lexie Foley
13398,Marc Thompson
13398,Michael Sinterniklaas
13398,Orlando Rios
13398,Philece Sampler
13398,Russell Wait
13398,Shakina
13398,Victoria Grace
33320,Abby Trott
33320,Barbara Goodson
33320,Ben Diskin
33320,Christopher Swindle
33320,Cindy Robinson
33320,Erin Yvette
33320,Felicity Smith
33320,Greg Chun
33320,JP Karliak
33320,Jo Lee
33320,John Vernon
33320,Keith Silverstein
33320,Laura Post
33320,Matt Devereaux
33320,Mona Marshall
33320,Regina Reagan
33320,Samantha Shaw
33320,Stephen Bent
33320,Stuart Milligan
4977,Brian Beacock
4977,Cindy Robinson
4977,David Lodge
4977,Doug Erholtz
4977,Ezra Weisz
4977,Kôzô Mito
4977,Michael Forest
4977,Paul St. Peter
4977,Shin'ya Fukumatsu
9343,Adam Gordon
9343,Akio Suyama
9343,Carrie Savage
9343,Daisuke Sakaguchi
9343,Darrel Guilbeau
9343,Deem Bristow
9343,Doug Stone
9343,Erica Shaffer
9343,Gina Grad
9343,Haruko Momoi
9343,Hisako Kyôda
9343,Hunter Mackenzie Austin
9343,J.E.
9343,Jamie Gallardo
9343,Jessica D. Stone
9343,Jody Jaress
9343,John Snyder
9343,Johnny Yong Bosch
9343,Jonathan C. Osborne
9343,Jonathan Klein
9343,Justin Gross
9343,Kari Wahlgren
9343,Kenji Utsumi
9343,Kirk Thornton
9343,Kotono Mitsuishi
9343,Lance J. Holt
9343,Liam O'Brien
9343,Makoto Tsumura
9343,Mamiko Noto
9343,Mayumi Yamaguchi
9343,Melodee Spevack
9343,Melora Harte
9343,Michael Forest
9343,Michael McConnohie
9343,Michelle Ruff
9343,Patrick Seitz
9343,Ryûji Saikachi
9343,Sally Dana
9343,Sam Riegel
9343,Samuel Matisoff
9343,Shôzô Îzuka
9343,Sienna Benioff
9343,Steven Bendik
9343,Taliesin Jaffe
9343,Ted Sroka
9343,Toshihiko Nakajima
9343,Toshihiko Seki
9343,Victoria Harwood
9343,Wendee Lee
9343,William Frederick Knight
9343,Yuri Lowenthal
9343,Stephanie Sheh
16859,Kirsten Dunst
16859,Janeane Garofalo
16859,Phil Hartman
16859,Matthew Lawrence
16859,Tress MacNeille
16859,Edie McClurg
16859,Debbie Reynolds
16859,Jeff Bennett
16859,Corey Burton
16859,Debi Derryberry
16859,Kath Soucie
16859,Pamela Adlon
16859,June Angela
16859,Lewis Arquette
16859,John DeMita
16859,Julia Fletcher
16859,Fay DeWitt
16859,Eddie Frierson
16859,Susan Hickman
16859,John Hostetter
16859,Sherry Lynn
16859,Scott Menville
16859,Matt K. Miller
16859,Lisa Michelson
16859,Edie Mirman
16859,Kerrigan Mahan
16859,Alexandra Kenworthy
16859,Melanie MacQueen
16859,John Dantona
16859,Carl Macek
16859,Wendee Lee
16859,Barbara Goodson
16859,Lara Cody
16859,Dave Mallow
16859,Diane Michelle
16859,Doug Stone
16859,Gregory Snegoff
16859,Mike Reynolds
16859,Steve Kramer
15371,Bob Bergen
15371,Steve Bulen
15371,Michael McConnohie
15371,David Povall
15371,Edie Mirman
15371,J.C. Henning
15371,Jeff Winkless
15371,Kirk Thornton
15371,Mike Reynolds
15371,Steve Kramer
15371,Juliana Donald
15371,Kerrigan Mahan
15371,Tom Wyner
15371,Barbara Goodson
15371,Steve Apostolina
15371,William Bassett
15371,Tony Clay
15371,Steve McGowan
15371,Peter Spellos
15371,Susan Chavez
15371,Lauren Benjamin
15371,Kevin Brief
15371,David Waterhouse
15371,Keith Diamond
15371,John Snyder
15371,David Jeffries
15371,Jeff Nimoy
15371,Jamieson Price
15371,Gloria Gines
15371,B.D. Vesbite
15371,David Ellenstein
15371,Carol Stanzione
15371,Bridget Hoffman
15371,Beau Billingslea
15371,Adam Sholder
15371,Christopher Cunnington
15371,Paul St. Peter
15371,Milton James
15371,Michael Forest
15371,Sensil Astoroth
15371,Joe Romersa
15371,Dyanne DiRosario
15371,Dorothy Elias-Fahn
15371,David Hayter
15371,Barry Stigler
15371,Andrew Ebert
15371,Ken Zhee
15371,Kevin Seymour
15371,Michael Gregory
81,Alison Lohman
81,Patrick Stewart
81,Uma Thurman
81,Chris Sarandon
81,Shia LaBeouf
81,Edward James Olmos
81,Mark Hamill
81,Jeff Bennett
81,Tress MacNeille
81,Tony Jay
81,Jodi Benson
81,Mark Silverman
81,James Arnold Taylor
81,Frank Welker
81,Newell Alexander
81,Rosemary Alexander
81,Tom Amundsen
81,Steve Apostolina
81,Mitch Carter
81,Robert Clotworthy
81,David Cowgill
81,Wendy Cutler
81,Ike Eisenmann
81,Jean Gilpin
81,Nicholas Guest
81,Bridget Hoffman
81,Sherry Hursey
81,Rif Hutton
81,Edie Mirman
81,Richard Miro
81,Peter Renaday
81,Lynnanne Zager
81,Emily Bauer
81,Paul Butcher
81,Ashley Edner
81,Glume Harlow
81,Ashley Rose
81,Jordan Orr
81,Aimee Roldan
81,Grace Rolek
81,Ross Simanteris
81,Dee Bradley Baker
10515,Anna Paquin
10515,James Van Der Beek
10515,Cloris Leachman
10515,Mark Hamill
10515,Richard Dysart
10515,Jim Cummings
10515,John Hostetter
10515,Michael McShane
10515,Mandy Patinkin
10515,Andy Dick
10515,Corey Burton
10515,Tress MacNeille
10515,John DeMita
10515,Scott Menville
10515,Debi Derryberry
10515,Matt K. Miller
10515,Eddie Frierson
10515,Andrew Philpot
10515,Susan Hickman
10515,Michael Sorich
10515,Barbara Goodson
10515,Lara Cody
10515,Rachel Vanowen
10515,Jeff Winkless
10515,Edward Mannix
10515,Mike Reynolds
10515,Clifton Wells
10515,Barry Stigler
10515,Dave Mallow
8392,Dakota Fanning
8392,Elle Fanning
8392,Tim Daly
8392,Pat Carroll
8392,Lea Salonga
8392,Frank Welker
8392,Paul Butcher
8392,Matt Adler
8392,Newell Alexander
8392,David Midthunder
8392,Kristin Klabunde
8392,J.P. Manoux
8392,Evan Sabara
8392,Kath Soucie
8392,Yvonne Russo
8392,Russi Taylor
8392,Toochis Morin
8392,Peter Renaday
8392,Robert Clotworthy
8392,Kimberly Guerrero
8392,Bridget Hoffman
8392,Zahn McClarnon
8392,Katelin Petersen
8392,Ashley Rose
8392,Lisa Michelson
8392,Cheryl Chase
8392,Gregory Snegoff
8392,Kenneth Hartman
8392,Alexandra Kenworthy
8392,Natalie Core
8392,Steve Kramer
8392,Lara Cody
8392,Melanie MacQueen
8392,Brianne Brozey
8392,Tress MacNeille
8392,Kerrigan Mahan
8392,Edie Mirman
8392,Doug Stone
11621,Michael Keaton
11621,Cary Elwes
11621,Kimberly Williams-Paisley
11621,Susan Egan
11621,David Ogden Stiers
11621,Brad Garrett
11621,Bill Fagerbakke
11621,Kevin Michael Richardson
11621,Frank Welker
11621,Jack Angel
11621,Michael Bell
11621,Jeff Bennett
11621,Earl Boen
11621,Cameron Bowen
11621,Dee Bradley Baker
11621,Rodger Bumpass
11621,Corey Burton
11621,Jennifer Darling
11621,Debi Derryberry
11621,Ashley Edner
11621,Bobby Edner
11621,Paul Eiding
11621,Greg Ellis
11621,Bill Farmer
11621,Pat Fraley
11621,Brian George
11621,Tom Kenny
11621,Sherry Lynn
11621,Tress MacNeille
11621,Kaitlyn Maggio
11621,Mickie McGowan
11621,Laraine Newman
11621,Rob Paulsen
11621,Bradley Pierce
11621,Phil Proctor
11621,Aimee Roldan
11621,Deanna Russo
11621,Jim Ward
128,Billy Crudup
128,Billy Bob Thornton
128,Minnie Driver
128,John DiMaggio
128,Claire Danes
128,John DeMita
128,Jada Pinkett Smith
128,Gillian Anderson
128,Keith David
128,Corey Burton
128,Tara Strong
128,Julia Fletcher
128,Debi Derryberry
128,Alex Fernandez
128,Jack Fletcher
128,Pat Fraley
128,John Hostetter
128,John Rafter Lee
128,Jessica Lynn
128,Sherry Lynn
128,Matt K. Miller
128,Marnie Mosiman
128,Tress MacNeille
128,Matt McKenzie
128,Michael McShane
128,Adam Paul
128,David Rasner
128,Dwight Schultz
128,Pamela Adlon
128,K.T. Vogt
129,Daveigh Chase
129,Suzanne Pleshette
129,Jason Marsden
129,Susan Egan
129,David Ogden Stiers
129,Lauren Holly
129,Michael Chiklis
129,John Ratzenberger
129,Tara Strong
129,Mickie McGowan
129,Sherry Lynn
129,Jack Angel
129,Mona Marshall
129,Bob Bergen
129,Candi Milo
129,Rodger Bumpass
129,Colleen O'Shaughnessey
129,Jennifer Darling
129,Phil Proctor
129,Paul Eiding
129,Jim Ward
129,Madalena Bobone
129,Mónica Chaby
129,Romeu Costa
129,Filipa Maló Franco
129,João Lagarto
129,João Melo
129,Rui Mendes
129,Fernanda Montemor
129,Dee Bradley Baker
4935,Jean Simmons
4935,Christian Bale
4935,Lauren Bacall
4935,Blythe Danner
4935,Emily Mortimer
4935,Josh Hutcherson
4935,Billy Crystal
4935,Jena Malone
4935,Crispin Freeman
4935,Mark Silverman
4935,Mari Devon
4935,Liliana Mumy
4935,Carlos Alazraqui
4935,Newell Alexander
4935,Rosemary Alexander
4935,Julia Barnett
4935,Susanne Blakeslee
4935,Leslie Carrara-Rudolph
4935,Mitch Carter
4935,David Cowgill
4935,Holly Dorff
4935,Moosie Drier
4935,Ike Eisenmann
4935,Will Friedle
4935,Bridget Hoffman
4935,Richard Steven Horvitz
4935,Sherry Hursey
4935,Hope Levy
4935,Christina MacGregor
4935,Joel McCrary
4935,Edie Mirman
4935,Peter Renaday
4935,Kristen Rutherford
4935,Warren Sroka
4935,Dee Bradley Baker
4935,São José Correia
4935,Cornelia Dahlgren
4935,Rui de Sá
4935,Victor Emanuel
4935,Albano Jerónimo
4935,Yayoi Kazuki
4935,Márcia Leal
4935,Scott McAfee
4935,Manabu Muraji
4935,João Secundino
4935,Joana Seixas
4935,Shigeyuki Totsugi
4935,Mayuno Yasokawa
4935,Ken Yasuda
4935,Daran Norris
12429,Cate Blanchett
12429,Noah Cyrus
12429,Matt Damon
12429,Tina Fey
12429,Frankie Jonas
12429,Kurt Knutsson
12429,Cloris Leachman
12429,Liam Neeson
12429,Jennessa Rose
12429,Lily Tomlin
12429,Betty White
12429,Carlos Alazraqui
12429,Bob Bergen
12429,Johanna Braddy
12429,Marsha Clark
12429,John Cygan
12429,Jennifer Darling
12429,Madison Davenport
12429,Courtnee Draper
12429,Crispin Freeman
12429,Jess Harnell
12429,Ella Dale Lewis
12429,Sherry Lynn
12429,Danny Mann
12429,Mona Marshall
12429,Mickie McGowan
12429,Laraine Newman
12429,Colleen O'Shaughnessey
12429,Jan Rabson
12429,Dee Bradley Baker
149870,Joseph Gordon-Levitt
149870,John Krasinski
149870,Emily Blunt
149870,Martin Short
149870,Stanley Tucci
149870,Mandy Patinkin
149870,Mae Whitman
149870,Werner Herzog
149870,Jennifer Grey
149870,William H. Macy
149870,Zach Callison
149870,Madeleine Yen
149870,Eva Bella
149870,Edie Mirman
149870,Darren Criss
149870,Elijah Wood
149870,Ronan Farrow
149870,David Cowgill
149870,Matt Adler
149870,Holly Dorff
149870,Moosie Drier
149870,Jackie Gonneau
149870,Nicholas Guest
149870,Richard Steven Horvitz
149870,Rif Hutton
149870,Matthew Labyorteaux
149870,Michelle Ruff
149870,Byron Thames
149870,Madeleine Whittle
149870,David Zyler
508883,Christian Bale
508883,Dave Bautista
508883,Gemma Chan
508883,Willem Dafoe
508883,Karen Fukuhara
508883,Mark Hamill
508883,Luca Padovan
508883,Robert Pattinson
508883,Florence Pugh
508883,Mamoudou Athie
508883,Tony Revolori
508883,Dan Stevens
508883,Barbara Goodson
508883,Denise Pickering
508883,Melora Harte
508883,Barbara Rosenblat
508883,Nika Futterman
508883,Debi Derryberry
508883,Andrew Kishino
508883,Paul Nakauchi
508883,Michael Sinterniklaas
508883,Keone Young
1000001,Adam Gordon
1000001,Akio Suyama
1000001,Carrie Savage
1000001,Daisuke Gôri
1000001,Daisuke Sakaguchi
1000001,Darrel Guilbeau
1000001,Deem Bristow
1000001,Doug Stone
1000001,Erica Shaffer
1000001,Gina Grad
1000001,Haruko Momoi
1000001,Hiroshi Yanaka
1000001,Hisako Kyôda
1000001,Howard Clarendon
1000001,Hunter Mackenzie Austin
1000001,J.E.
1000001,Jamie Gallardo
1000001,Jessica D. Stone
1000001,Jin Horikawa
1000001,Jody Jaress
1000001,John Snyder
1000001,Johnny Yong Bosch
1000001,Jonathan C. Osborne
1000001,Jonathan Klein
1000001,Justin Gross
1000001,Kari Wahlgren
1000001,Keiji Fujiwara
1000001,Kenji Utsumi
1000001,Kirk Thornton
1000001,Kiyonobu Suzuki
1000001,Kiyoshi Kawakubo
1000001,Koji Yoshida
1000001,Kotono Mitsuishi
1000001,Kozue Odagiri
1000001,Kumi Nishiyama
1000001,Lance J. Holt
1000001,Liam O'Brien
1000001,Makoto Tsumura
1000001,Mami Kingetsu
1000001,Mamiko Noto
1000001,Masakazu Kohara
1000001,Masayo Hosono
1000001,Mayumi Yamaguchi
1000001,Melodee Spevack
1000001,Melora Harte
1000001,Michael Forest
1000001,Michael McConnohie
1000001,Michelle Ruff
1000001,Mîna Tominaga
1000001,Nana Mizuki
1000001,Naochika Hayashida
1000001,Patrick Seitz
1000001,Rikiya Koyama
1000001,Rumi Kasahara
1000001,Ryûji Saikachi
1000001,Sally Dana
1000001,Sam Riegel
1000001,Samuel Matisoff
1000001,Sayuri
1000001,Shôzô Îzuka
1000001,Sienna Benioff
1000001,Stephanie Sheh
1000001,Steven Bendik
1000001,Takeshi Watabe
1000001,Taliesin Jaffe
1000001,Tamami Chaki
1000001,Ted Sroka
1000001,Tomoko Hayashi
1000001,Tomoko Kawakami
1000001,Toshihiko Kamei
1000001,Toshihiko Nakajima
1000001,Toshihiko Seki
1000001,Toshio Kobayashi
1000001,Tsugumi Higasayama
1000001,Victoria Harwood
1000001,Wendee Lee
1000001,William Frederick Knight
1000001,Yasunori Matsumoto
1000001,Yuki Kodaira
1000001,Yuri Lowenthal
1000002,André Sogliuzzo
1000002,Anthony Daniels
1000002,Corey Burton
1000002,Cree Summer
1000002,Daran Norris
1000002,Frankie Ryan Manriquez
1000002,Fred Tatasciore
1000002,Grey Griffin
1000002,James Arnold Taylor
1000002,John DiMaggio
1000002,Kevin Michael Richardson
1000002,Mat Lucas
1000002,Nick Jameson
1000002,Richard McGonagle
1000002,Tatyana Yassukovich
1000002,Terrence 'T.C.' Carson
1000002,Tom Kane
1000010,Byron Coll
1000010,Cohen Holloway
1000010,David Wenham
1000010,Dra McKay
1000010,Elisabeth Moss
1000010,Ewen Leslie
1000010,Jacqueline Joe
1000010,Kip Chapman
1000010,Maria Walker
1000010,Tammy Davis
1000010,Alan Palmer
1000010,Alice Ward
1000010,Alison Bruce
1000010,Andrew Beattie
1000010,Andrew Grainger
1000010,Angelo Montano
1000010,Annabella Bruce
1000010,Anthony Phelan
1000010,Ashleigh Fox
1000010,Ben Barrington
1000010,Benjamin Farry
1000010,Calvin Tuteao
1000010,Chris Haywood
1000010,Connor Olivia Moore
1000010,Danielle Will
1000010,Darren Gilshenan
1000010,Eddie Campbell
1000010,Edwin Wright
1000010,Elizabeth Hocking
1000010,Elliot Fell
1000010,Erica Englert
1000010,Fletcher Boswell
1000010,Gary Young
1000010,Gavin Rutherford
1000010,Geneviève Lemon
1000010,George Mason
1000010,Georgi Kay
1000010,Griz Pomirska
1000010,Holly Hunter
1000010,Jacek Koman
1000010,James Joshua Blake
1000010,Jay Ryan
1000010,Lauren Dawes
1000010,Layne Opetaia
1000010,Loren Taylor
1000010,Lucy Lawless
1000010,Luke Buchanan
1000010,Madeleine Sami
1000010,Matt Whelan
1000010,Matthew Sunderland
1000010,Melissa Nickerson
1000010,Michelle Ang
1000010,Mirrah Foulkes
1000010,Oscar Redding
1000010,Pat West
1000010,Peter Coates
1000010,Peter Mullan
1000010,Philippa Archibald
1000010,Phoene James
1000010,Robyn Malcolm
1000010,Robyn Nevin
1000010,Sam Dickson
1000010,Sara Allen
1000010,Sarah Valentine
1000010,Shane Blakey
1000010,Skye Wansey
1000010,Stephen Bain
1000010,Stephen Lovatt
1000010,Stuart McKenzie
1000010,Sydney Telfer
1000010,Thomas M. Wright
1000010,Toni Mager
1000010,William Wei
1000011,Adam Zwar
1000011,Adrian Twigg
1000011,Alice Englert
1000011,Angjee Douangphoumy
1000011,Anthony Taufa
1000011,Arka Das
1000011,Ashley Lyons
1000011,Bali Padda
1000011,Ben Wood
1000011,Bill Fleming
1000011,Carole Sharkey-Waters
1000011,Cecilia Morrow
1000011,Charlotte Nicdao
1000011,Christiaan Van Vuuren
1000011,Christopher Nehme
1000011,Christopher Stollery
1000011,Clayton Jacobson
1000011,Crystal Waters
1000011,Cynthia Ng
1000011,D.G. Maloney
1000011,Damon Herriman
1000011,Dashiell Hannoush
1000011,David Dencik
1000011,Deborah Jones
1000011,Dee Sinnarkar
1000011,Di Adams
1000011,Diane Rowley
1000011,Ed Wightman
1000011,Elaine Crombie
1000011,Elena Neill
1000011,Elliot Leslie
1000011,Fayssal Bazzi
1000011,Felix Jozeps
1000011,Flynn Heine
1000011,Geoff Morrell
1000011,Govinda Roser
1000011,Gwendoline Christie
1000011,Heath Franklin
1000011,Heather Marsh
1000011,Helen Thomson
1000011,Hoa Xuande
1000011,Jack Godden
1000011,Jade Ryan
1000011,Jake Paul Green
1000011,James O'Connell
1000011,James Ryan
1000011,James Shipton
1000011,Jason Perini
1000011,Jenny Wu
1000011,Jerry Retford
1000011,John Chapman
1000011,Johnny Lahoud
1000011,Joshua Albert Brook
1000011,Joshua Bull
1000011,Julian Garner
1000011,Kai Mewburn
1000011,Kamonwan Namwongsa
1000011,Karen Colston
1000011,Kathleen Haynes
1000011,Kevin MacIsaac
1000011,Kim Chuvitsakullert
1000011,Kim Gyngell
1000011,Kirin J. Callinan
1000011,Kitty Bernardoff
1000011,Laura Englert
1000011,Lawrence Leung
1000011,Lincoln Vickery
1000011,Linda Ngo
1000011,Lindsay Churchill
1000011,Ling Cooper Tang
1000011,Liv Hewson
1000011,Lynne McGimpsy
1000011,Marg Downey
1000011,Margaret Rowe
1000011,Mark Leonard Winter
1000011,Marny Kennedy
1000011,Mary Rachel Brown
1000011,Matt Green
1000011,Matt Scaletti
1000011,Merlynn Tong
1000011,Michelle Lim Davidson
1000011,Michelle Ny
1000011,Nathan Jason O'Connor
1000011,Nicholas Ashley O'Connor
1000011,Nicole Kidman
1000011,Oliver Wenn
1000011,Paul Goddard
1000011,Rebekah Allen
1000011,Richard Green
1000011,Rob Flanagan
1000011,Robert Hill
1000011,Robert Sharpe
1000011,Roberto Meza Mont
1000011,Sereena
1000011,Sophia Wilshin
1000011,Sophie Franklin
1000011,Sukhraj Deepak
1000011,Sumit Singh
1000011,Susan Prior
1000011,Susie Lindeman
1000011,Sylvia Rands
1000011,Thien Huong Thi Nguyen
1000011,Tracey Spicer
1000011,Trey Jacob
1000011,Victoria Abbott
1000011,Wilemena Adams
1000011,William Oakley
1000011,Yianni Warnock
1000011,Zoe Carides
1000011,Byron Coll
1000011,Cohen Holloway
1000011,David Wenham
1000011,Dra McKay
1000011,Elisabeth Moss
1000011,Ewen Leslie
1000011,Jacqueline Joe
1000011,Kip Chapman
1000011,Maria Walker
1000011,Tammy Davis
1000003,Don Johnson
1000003,Philip Michael Thomas
1000003,Saundra Santiago
1000003,Michael Talbott
1000003,John Diehl
1000003,Gregory Sierra
1000003,Bill Smitrovich
1000003,Belinda Montgomery
1000003,Martin Ferrero
1000003,Mykelti Williamson
1000003,Olivia Brown
1000003,Miguel Pinero
1000003,Jimmy Smits
1000003,Michael Santoro
1000003,Jossie DeGuzman
1000003,Harold Bergman
1000003,Darcy Shean
1000003,Brian C. Smith
1000003,Julian Byrd
1000003,Bud Hoey
1000003,Stephen Edward
1000003,Dan Fitzgerald
1000003,Charles Lawlor
1000003,David Joseph Martinez
1000003,Ernest Robinson
1000003,Nik Robinson
1000003,Ryan St. Leon
1000003,Dfernando Zaremba
1000020,Adam Zastrow
1000020,Ahmad Sharmrou
1000020,Alexandra Staseson
1000020,Allyson Reilly
1000020,Amanda Grace Jenkins
1000020,Americo Galli
1000020,Anastacia McPherson
1000020,Andreas Riter
1000020,Andrew Burri
1000020,Andrew Lutheran
1000020,Andrew Murrin
1000020,Angel Qinan
1000020,Anne McDaniels
1000020,Anthony Paul Lopez
1000020,Austin Head
1000020,Ben Shepherd
1000020,Brandon Van Vliet
1000020,Branscombe Richmond
1000020,Brian Benben
1000020,Brian Gilleece
1000020,Brooklynne James
1000020,Bruce M. Stockert
1000020,Caitlin Leahy
1000020,Carl McDowell
1000020,Carla Gugino
1000020,Cassandra Clark
1000020,Cassidy Barnes
1000020,Catero Alain Colbert
1000020,Charity Rose Thielen
1000020,Chris Dotson
1000020,Chris Gross
1000020,Chris Zasche
1000020,Christian Rapp
1000020,Christie Herring
1000020,Christina Moses
1000020,Christopher Backus
1000020,Christopher Carroll
1000020,Christopher Warren
1000020,Cissy Ly
1000020,Clare Filipow
1000020,Colby French
1000020,Colson Baker
1000020,Connor Weil
1000020,Dan Gruenberg
1000020,Dan Molad
1000020,Daniel Mandehr
1000020,Danni Blackman
1000020,Danny Wattley
1000020,Darcey Johnson
1000020,David Saucedo
1000020,David Spade
1000020,Dean Lefterys
1000020,Derek D. Dow
1000020,Diva Zappa
1000020,Donna D'Errico
1000020,Doron Bell
1000020,Dylan Thiffault
1000020,Eddie Vedder
1000020,Eliyas Qureshi
1000020,Ely Henry
1000020,Enn Reitel
1000020,Eric Johnson
1000020,Eric Shackelford
1000020,Ethan Michael Mora
1000020,Exie Booker
1000020,Finesse Mitchell
1000020,Frederick Keeve
1000020,Gary Clark Jr.
1000020,Greg Leisz
1000020,Halsey
1000020,Harvey B. Jackson
1000020,Holly Laessig
1000020,Imogen Poots
1000020,Ivana Milicevic
1000020,Jack Yang
1000020,Jackson Browne
1000020,Jacqueline Breakwell
1000020,Jacqueline Byers
1000020,Jaidyn-Bleau
1000020,Jeff Sanca
1000020,Jen Tullock
1000020,Jess Wolfe
1000020,Jim Hanna
1000020,Jim James
1000020,Joanna Ke
1000020,Jody Andrews
1000020,Joel Ballard
1000020,John Druska
1000020,John Mellencamp
1000020,Jon Donahue
1000020,Jonathan Russell
1000020,Jordan Cook
1000020,Josh Carter
1000020,Josiah Johnson
1000020,Joy Williams
1000020,Kate Comer
1000020,Katherine Murphy
1000020,Keisha Castle-Hughes
1000020,Kenny Hensley
1000020,Kenzie Kilroy
1000020,Kevin O'Grady
1000020,Lamon Archey
1000020,Lana Kinnear
1000020,Lawrence E Thomas
1000020,Lea Jones
1000020,LeJon
1000020,Lidia Porto
1000020,Lincoln A. Castellanos
1000020,Lindsey Buckingham
1000020,Louanne Kelley
1000020,Luca Della Valle
1000020,Lucius
1000020,Luis Guzmán
1000020,Luke Wilson
1000020,Lyndon Smith
1000020,Mali Matsuda
1000020,Manny Jacinto
1000020,Marc Abbink
1000020,Marc Maron
1000020,Marcel Pullard
1000020,Maria Anton
1000020,Mark Allyn
1000020,Matt Mero
1000020,Matt Passmore
1000020,Matthew Jablonski
1000020,Matthew Jensen
1000020,Melinda Hill
1000020,Michael Mealor
1000020,Michael Montgomery
1000020,Michael Rivkin
1000020,Michael Thomas Grant
1000020,Molly Pan
1000020,Morgan Jenkins
1000020,Nathan Sutton
1000020,Nicole Atkins
1000020,Nima Azizi
1000020,Owen Robinson
1000020,Parker Croft
1000020,Patrick Walsh
1000020,Peter Cambor
1000020,Peter Lalish
1000020,Philip Knight
1000020,Ping Wu
1000020,Pippa Mackie
1000020,Punnavith Koy
1000020,Rafe Spall
1000020,Rainn Wilson
1000020,Randy Evans
1000020,Randy Vasquez
1000020,Ray Auxias
1000020,Reignwolf
1000020,Richard Allan Jones
1000020,Richard Wharton
1000020,Richie Stephens
1000020,Riji Raja
1000020,Roadies
1000020,Rob Welsh
1000020,Robin Bartlett
1000020,Robyn Hitchcock
1000020,Roger Berard
1000020,Ron White
1000020,Rosanna Arquette
1000020,Roz Browne
1000020,Ryan Beil
1000020,Sarah Barthel
1000020,Scott Metzger
1000020,Seth Gandrud
1000020,Shane Symons
1000020,Shawn Woods
1000020,Shelli Azoff
1000020,Sigrid Owen
1000020,Stan Lamendola
1000020,Steve Zissis
1000020,Steven Lee Allen
1000020,Suzanne LaChasse
1000020,Tanc Sade
1000020,Taylor Marie Frey
1000020,The Head and the Heart
1000020,Tiana Whitley
1000020,Tiffany Panhilason
1000020,Timothy Skyler Dunigan
1000020,Tony D. Head
1000020,Tyler Williams
1000020,Vinoj Zacharia
1000020,Wes Robinson
1000020,Wil Killmer
1000020,William 'Big Sleeps' Stewart
1000020,Yannik Collin
1000030,Adam Haloon
1000030,Adel Bencherif
1000030,Alessandro Piavani
1000030,Alexander Beyer
1000030,Alexander Skarsgård
1000030,Amir Khoury
1000030,Bethany Muir
1000030,Charif Ghattas
1000030,Charles Dance
1000030,Clare Holman
1000030,Daniel Litman
1000030,David Cromarty
1000030,Edward Davis
1000030,Evan Milton
1000030,Florence Pugh
1000030,Gennady Fleyscher
1000030,Giorgos Hatzikiriakos
1000030,Hovik Karampetian
1000030,Iben Akerlie
1000030,James Bailey
1000030,Jeff Wilbusch
1000030,Jennifer Catford
1000030,Jeremy Child
1000030,John le Carré
1000030,Kate Sumpter
1000030,Katharina Schüttler
1000030,Leda Chatzi
1000030,Lubna Azabal
1000030,Mark Stanley
1000030,Max Irons
1000030,Micah Gordon
1000030,Michael Moshonov
1000030,Michael Shannon
1000030,Nicholas Blatt
1000030,Nikos Vougioukas
1000030,Omar Alboukharey
1000030,Oulaya Amamra
1000030,Pavlos Iordanopoulos
1000030,Reda Elazouar
1000030,Ricki Hayut
1000030,Robert Ryan
1000030,Roee Adar
1000030,Sam Troughton
1000030,Sandra Khouria
1000030,Shane Attwooll
1000030,Shani Erez
1000030,Shlomo Bar-Aba
1000030,Simona Brown
1000030,Thomas Mraz
1000030,Tom Hanson
1000030,Vitali Friedland
1000040,Abel Amunga
1000040,Adam Shapiro
1000040,Adriana Leal
1000040,Agatha Gikonyo
1000040,Alberto Wolf
1000040,Alejandro Márquez
1000040,Alex Henderson
1000040,Alexander Schwarz
1000040,Alfonso Herrera
1000040,Alica Hubiak
1000040,Alicia Hilton
1000040,Aml Ameen
1000040,Amy Mußul
1000040,Anne Kimani
1000040,Annie Munch
1000040,Annina Nusko
1000040,Antoine McKay
1000040,Antonio St. James
1000040,Antony Gathumbi
1000040,Antony Ndung'u
1000040,Antwain L. Jones
1000040,Anupam Kher
1000040,Arantza Ruiz
1000040,Ari Brickman
1000040,Ari Sigal
1000040,Arnoldo Picazzo
1000040,Aron Lamar
1000040,Audur Einarsdottir
1000040,Autumn Teague
1000040,Avantika Akerkar
1000040,Bae Doona
1000040,Bernhard Schütz
1000040,Biko Nyongesa
1000040,Birgitta Sigursteinsdóttir
1000040,Bjartmar Þórðarson
1000040,Brandon M. Blackburn
1000040,Brian J. Smith
1000040,Brian Odongo
1000040,Bryan Mwihandi
1000040,Brynjar Birgisson
1000040,Cassandra Sanchez Navarro
1000040,Cathy Fithian
1000040,Cedric Young
1000040,Celeste M Cooper
1000040,Cha In-pyo
1000040,Chandarmohan Khanna
1000040,Chessman
1000040,Chichi Seii
1000040,Chiron Elias Krase
1000040,Chris Kamau
1000040,Chris Theisinger
1000040,Christian Oliver
1000040,Christopher Kahler
1000040,D'Lo
1000040,Danielle Castro
1000040,Danny Goldring
1000040,Danton Mew
1000040,Darrel Gee
1000040,Darshan Jariwala
1000040,Daryl Hannah
1000040,Davíð Charles Friðbertsson
1000040,David Dobrowski
1000040,David Krug
1000040,Dean Richard Ferrell
1000040,Deanna Reed-Foster
1000040,Deepjyoti Das
1000040,Derek Lawrence
1000040,Derrick Assetto
1000040,Dilnaz Irani
1000040,Doo-hong Jung
1000040,Doran B. Stephensen
1000040,Edgar Luna Pozos
1000040,Edgar Miguel Sanchez
1000040,Eduardo N. Martinez
1000040,Edward Ashley
1000040,Elegido
1000040,Elisabet Osk Vigfusdottir
1000040,Ellen Metzler
1000040,Emil von Schönfels
1000040,Emmanuel Makani
1000040,Emmanuel Mugo
1000040,Eréndira Ibarra
1000040,Ester Sveinbjarnardóttir
1000040,Esther Mwangi
1000040,Eyþór Gunnarsson
1000040,Ezekiel Kang'a
1000040,Fabiana Perzabal
1000040,Faith Mwangi
1000040,Felicia Fields
1000040,Frank Dillane
1000040,Freema Agyeman
1000040,Gabriel Ouma
1000040,Georg Ebinal
1000040,Georg Tryphon
1000040,Gerardo Albarrán
1000040,Gerardo Curiel
1000040,Godfrey Ojiambo
1000040,Guðni Franzson
1000040,Gunnar Bersi Björnsson
1000040,Gunnlaugur Torfi Stefansson
1000040,Gwen Park
1000040,Halldóra Geirharðsdóttir
1000040,Hana Hwang
1000040,Hanna Dworkin
1000040,Hannes Óli Ágústsson
1000040,Hans Dieter Wolff
1000040,Harry Ebale
1000040,Harssh Singh
1000040,Harvey Friedman
1000040,Hayley Gagner
1000040,Heidi Michaelis
1000040,Helga Kristín Helgadóttir
1000040,Heon Tae Jeon
1000040,Hey Ryoung Koo
1000040,Himanshu Powdwal
1000040,Howie Johnson
1000040,Hulda Vigdísardóttir
1000040,Huzan Mevawalla
1000040,Hye Ryon Lee
1000040,Hyun Young Park
1000040,Inga Hjartardottir
1000040,Irene Azuela
1000040,Ishildur Erla Kemp
1000040,J.D. Rodriguez
1000040,Jaiden Hidalgo
1000040,Jamie Clayton
1000040,Jamison Green
1000040,Jeanette Aguilar
1000040,Jeff Dlugolecki
1000040,Jeffery A. Wilds
1000040,Jerod Haynes
1000040,Jerónimo Best
1000040,Joe Pantoliano
1000040,Joe Toedtling
1000040,John Babbo
1000040,John St. Laurent
1000040,Johnson Gitau Chege
1000040,Jón Stefán Sigurðsson
1000040,Joo Young-ho
1000040,Jorres Risse
1000040,José Antonio García
1000040,Joseph Gachanja
1000040,Joseph Mawle
1000040,Judy Karani
1000040,Jun Kim
1000040,Jung Yeon
1000040,Kai Fung Rieck
1000040,Kaizaad Kotwal
1000040,Kamau Ndungu
1000040,Katrin Sara Olafsdottir
1000040,Kavita Amarjeet
1000040,Kay-Nam Myung
1000040,Kenyon Page
1000040,Kevin Isaac
1000040,Kevin R. Kelly
1000040,Khary L. Moye
1000040,Kim Hye-hwa
1000040,Kim Jae-hwa
1000040,Kristján Kristjánsson
1000040,Krysteen Savane
1000040,Kyle T. Heffner
1000040,Kyung Soon Jeong
1000040,Lára Jóhanna Jónsdóttir
1000040,Larry Clarke
1000040,LaTrallo Presley
1000040,Lee Jae-in
1000040,Lee Ki-chan
1000040,Lee Kyoung-young
1000040,Leifur B. Dagfinnsson
1000040,Leilani Amour Arenzana
1000040,Lenius Jung
1000040,Lilja Nótt Þórarinsdóttir
1000040,Lilja Þórisdóttir
1000040,Lisa Greene
1000040,Lucas Jade Zumann
1000040,Luis Ignacio Urive Alvirde
1000040,Lwanda Jawar
1000040,Ma Dong-seok
1000040,Magdalene Katana
1000040,Mahasin Munir
1000040,Mansi Dovhal
1000040,Margaret Akech
1000040,Margot Thorne
1000040,Marina Weis
1000040,Mark Willis
1000040,Marshon Thomas
1000040,Mary Lu Marr
1000040,Matt Stokoe
1000040,Matthew Burton
1000040,Matthias Günther
1000040,Max Kelly
1000040,Max Mauff
1000040,Max Riemelt
1000040,Maximilienne Ewalt
1000040,Maxwell Jenkins
1000040,Michael T Stewart
1000040,Michael X. Sommers
1000040,Miguel Ángel Silvestre
1000040,Mijin Yoo
1000040,Mita Vashisht
1000040,Molly Shaiken
1000040,Mukami Njiru
1000040,Natalie Stephany Aguilar
1000040,Natasha Rastogi
1000040,Nathan Geist
1000040,Naveen Andrews
1000040,Ness Bautista
1000040,Nestor Cuellas
1000040,Nicholas Siciliano
1000040,Nicôle Lecky
1000040,Noreen Reardon
1000040,Olafur S.K. Thorvaldz
1000040,Omar Reyes
1000040,Palomi Ghosh
1000040,Park Yong-soo
1000040,Paul Crawford
1000040,Paul Ogola
1000040,Penina Mwake Mwashegwa
1000040,Peter Benedict
1000040,Peter King Nzioki
1000040,Peter Quartaroli
1000040,Priya Bathija
1000040,Purab Kohli
1000040,Rafaela Da Silva
1000040,Rainer Reiners
1000040,Rajesh Khera
1000040,Ralph Alexander
1000040,Raúl Méndez
1000040,Robyn Alysa Abrams
1000040,Rocio Garcia
1000040,Rocky Capella
1000040,Roger Wiggins
1000040,Ron Dean
1000040,Rosa Katanu
1000040,Sammy Scheuritzel
1000040,Samson Odhiambo
1000040,Sandesh Kulkarni
1000040,Sandy Fish
1000040,Sara Sohn
1000040,Sean Dorsey
1000040,Senta Dorothea Kirschner
1000040,Shabaan Musa
1000040,Shaun Hume
1000040,Shawna Virago
1000040,Shruti Bapna
1000040,Siong Loong Choong
1000040,Sofía Garza
1000040,Son San
1000040,Sothida Berry
1000040,Stanislav Gorelik
1000040,Stefán Hallur Stefánsson
1000040,Stephanie Walters
1000040,Steve Sang-Hyun Noh
1000040,Suzanne Lang
1000040,Sylvester Groth
1000040,T.K. Kitana
1000040,Tabu Gatere
1000040,Tara Mallen
1000040,Terrence Mann
1000040,Thomas Dalby
1000040,Thomas Hacikoglu
1000040,Thor Birgisson
1000040,Thora Karitas
1000040,Tim Lajcik
1000040,Tina D'Elia
1000040,Tina Desai
1000040,Tino Rodriguez
1000040,Tom Osongo
1000040,Tony Hong
1000040,Trishaan
1000040,Tristan Gribbin
1000040,Tristan Jewel Abrams
1000040,Tuppence Middleton
1000040,Urdur Bergsdottir
1000040,Vanessa Ross
1000040,Viola Meinecke
1000040,Virgo Paraiso
1000040,Vitali Skrobot
1000040,Wamiti Hillary
1000040,Wanja Götz
1000040,William Burke
1000040,Wolfgang Lindner
1000040,Wycliffe Omondi
1000040,Yashvi Puneet Nagar
1000040,Yoon-hun Jeong
1000040,Youn Yuh-jung
1000040,Young Ju Jeong
1000040,Zeeshan Nadaf
1000040,Zorro
1000040,Þorsteinn Bachmann
1000040,Þorsteinn Gauti Sigurðsson
1000053,Adam Miller
1000053,Adele Jones
1000053,Al Strobel
1000053,Alessandro Cortini
1000053,Alex Hall
1000053,Alex Reyme
1000053,Alex Zhang Hungtai
1000053,Alicia Witt
1000053,Allen Galli
1000053,Alon Aboutboul
1000053,Amanda Seyfried
1000053,Amy Shiels
1000053,Ana de la Reguera
1000053,Andrea Hays
1000053,Andrea Watrouse
1000053,Angela Taylor-Jones
1000053,Annie Hart
1000053,Anthony Marcacci
1000053,Ashley Judd
1000053,Atticus Ross
1000053,Bailey Chase
1000053,Balthazar Getty
1000053,Beau Sample
1000053,Bellina Logan
1000053,Ben Rosenfield
1000053,Bérénice Marlohe
1000053,Bill O'Dell
1000053,Bill Tangradi
1000053,Blake Zingale
1000053,Bob Stephenson
1000053,Brent Briscoe
1000053,Brett Gelman
1000053,Brian T. Finney
1000053,Caleb Landry Jones
1000053,Candy Clark
1000053,Carel Struycken
1000053,Carlton Lee Russell
1000053,Carolyn Pennypacker Riggs
1000053,Casey O'Neill
1000053,Catherine E. Coulson
1000053,Celeste Cook
1000053,Charlotte Stewart
1000053,Charlyne Yi
1000053,Cherity Parenzin
1000053,Christian Calloway
1000053,Christophe Zajac-Denek
1000053,Christopher Durbin Noll
1000053,Christopher Murray
1000053,Chrysta Bell
1000053,Clark Middleton
1000053,Cornelia Guest
1000053,Cullen Douglas
1000053,Damian Lund
1000053,Dana Ashbrook
1000053,Daniel Nickolaychuk
1000053,Darryl Robert Small
1000053,David Dastmalchian
1000053,David Duchovny
1000053,David Koechner
1000053,David Lynch
1000053,David Nieker
1000053,David Patrick Kelly
1000053,Dean Hurley
1000053,Dep Kirkland
1000053,Derek Mears
1000053,Don Murray
1000053,Don S. Davis
1000053,Eamon Farren
1000053,Eddie Vedder
1000053,Eduardo Lezcano
1000053,Elena Satine
1000053,Elias Parenzini
1000053,Elizabeth Anweis
1000053,Emily Stofle
1000053,Eric Edelstein
1000053,Eric Ray Anderson
1000053,Eric Sullivan
1000053,Erica Eynon
1000053,Erik Rondell
1000053,Erika Spring Forster
1000053,Ernie Hudson
1000053,Ethan Suplee
1000053,Everett McGill
1000053,Finn Andrews
1000053,Francesca Eastwood
1000053,Frank Collison
1000053,Gary Hershberger
1000053,Geoffrey Gould
1000053,George Griffith
1000053,Gia Carides
1000053,Giselle DaMier
1000053,Grace Victoria Cox
1000053,Grace Zabriskie
1000053,Grant Goodeve
1000053,Greg Mills
1000053,Greg Vrotsos
1000053,Hailey Gates
1000053,Hank Harris
1000053,Harry Dean Stanton
1000053,Harry Goaz
1000053,Heath Hensley
1000053,Heather D'Angelo
1000053,Hudson Mohawke
1000053,Hugh Dillon
1000053,Hunter Sanchez
1000053,Ime Etuk
1000053,Ivy George
1000053,J.R. Starr
1000053,Jack Torrey
1000053,Jake Wardle
1000053,James Croak
1000053,James Giordano
1000053,James Grixoni
1000053,James Marshall
1000053,James Morrison
1000053,Jan D'Arcy
1000053,Jane Adams
1000053,Jane Levy
1000053,Jay Aaseng
1000053,Jay Jee
1000053,Jay Larson
1000053,Jay R. Ferguson
1000053,Jay Wesley Cochran
1000053,Jelani Quinn
1000053,Jennifer Jason Leigh
1000053,Jeremy Davies
1000053,Jeremy Lindholm
1000053,Jesse Johnson
1000053,Jesse Siebenberg
1000053,Jessica Szohr
1000053,Jim Belushi
1000053,Jodi Thelen
1000053,Joe Adler
1000053,Joe Knetter
1000053,Joel Paterson
1000053,Joey Castillo
1000053,John Billingsley
1000053,John Ennis
1000053,John Paulsen
1000053,John Phillip Iron
1000053,John Pirruccello
1000053,John Savage
1000053,Johnny Chavez
1000053,Johnny Jewel
1000053,Johnny Ochsner
1000053,Jon-Thomas Butler
1000053,Jonny Coyne
1000053,Jose Rosete
1000053,Joseph Auger
1000053,Josh Fadem
1000053,Josh McDermitt
1000053,Joy Nash
1000053,Juan Carlos Cantu
1000053,Judith Drake
1000053,Julee Cruise
1000053,Karl Makinen
1000053,Karolina Wydra
1000053,Kate Alden
1000053,Kate Stellar
1000053,Kathleen Deming
1000053,Kelsey Bohlen
1000053,Kimmy Robertson
1000053,Kyle MacLachlan
1000053,Larry Clarke
1000053,Laura Dern
1000053,Laura Kenny
1000053,Lauren Tewes
1000053,Leslie Berger
1000053,Lewis Keller
1000053,Linas Phillips
1000053,Linda Porter
1000053,Lindsay Lane
1000053,Lisa Coronado
1000053,Lisa Mason Lee
1000053,Lissie
1000053,Luke Judy
1000053,Mädchen Amick
1000053,Madeline Zima
1000053,Malachy Sreenan
1000053,Mariqueen Reznor
1000053,Mark Frost
1000053,Mark Mahoney
1000053,Marvin Rosand
1000053,Mary Reber
1000053,Mary Stofle
1000053,Matt Battaglia
1000053,Matthew Lillard
1000053,Max Perlich
1000053,Meg Foster
1000053,Melissa Jo Bailey
1000053,Mélita Toscan du Plantier
1000053,Michael Bisping
1000053,Michael Cera
1000053,Michael Horse
1000053,Mick Flowers
1000053,Miguel Ferrer
1000053,Mike Malone
1000053,Moby
1000053,Monica Bellucci
1000053,Nae
1000053,Nafessa Williams
1000053,Naomi Watts
1000053,Nat Walker
1000053,Nathan Frizzell
1000053,Natina Schneider
1000053,Neil Dickson
1000053,Nick Launay
1000053,Nicole LaLiberte
1000053,Owain Rhys Davies
1000053,Page Burkum
1000053,Patrick Fischler
1000053,Patrick Weil
1000053,Peggy Lipton
1000053,Phoebe Augustine
1000053,Pierce Gagnon
1000053,Priya Niehaus
1000053,Rachael LaRose
1000053,Ray Wise
1000053,Rebecca Field
1000053,Rebekah Del Rio
1000053,Redford Westwood
1000053,Richard Beymer
1000053,Richard Bucher
1000053,Richard Chamberlain
1000053,Richard Garcia
1000053,Riley Lynch
1000053,Rob Mars
1000053,Robert Broski
1000053,Robert Forster
1000053,Robert Knepper
1000053,Robert L. Wilson
1000053,Robin Finck
1000053,Rodney Rowland
1000053,Ronnie Gene Blevins
1000053,Russ Tamblyn
1000053,Ruth Radelet
1000053,Sabrina Diaz
1000053,Sabrina S. Sutherland
1000053,Sam Duffy
1000053,Sam Smith
1000053,Sara Paxton
1000053,Sara Sohn
1000053,Sarah Jean Long
1000053,Sarah Yarborough
1000053,Sawyer Shipman
1000053,Scott Cameron
1000053,Scott Coffey
1000053,Sean Bolger
1000053,Shane Lynch
1000053,Sharon Van Etten
1000053,Sherilyn Fenn
1000053,Sheryl Lee
1000053,Sky Ferreira
1000053,Smokey Miles
1000053,Sophia Burn
1000053,Stephanie Allynne
1000053,Stephanie Elania
1000053,Stephen Heath
1000053,Stephen Kearin
1000053,Steve Baker
1000053,Steven James Tingus
1000053,Stewart Strauss
1000053,Tad Griffith
1000053,Tammie Baird
1000053,Ted Dowling
1000053,Tikaeni Faircrest
1000053,Tim Roth
1000053,Tom Sizemore
1000053,Tracy Phillips
1000053,Travis Frost
1000053,Travis Hammer
1000053,Trent Reznor
1000053,Tyler Malik
1000053,Uberto Rapisardi
1000053,Vincent Castellanos
1000053,Virginia Kull
1000053,Walter Olkewicz
1000053,Warren Frost
1000053,Wendy Bones
1000053,Wendy Robie
1000053,Wes Brown
1000053,William Clouter
1000053,Xolo Maridueña
1000053,Zeke Hutchins
1000053,Zoe McLane
1000051,Al Strobel
1000051,Brett Vadset
1000051,Jessica Wallenfels
1000051,Julee Cruise
1000051,Laurel Anne White
1000052,Andrea Hays
1000052,Catherine E. Coulson
1000052,Charlotte Stewart
1000052,Dana Ashbrook
1000052,David Lynch
1000052,Don S. Davis
1000052,Eric DaRe
1000052,Everett McGill
1000052,Frank Silva
1000052,Gary Hershberger
1000052,Grace Zabriskie
1000052,Harry Goaz
1000052,Jack Nance
1000052,James Marshall
1000052,Jan D'Arcy
1000052,Joan Chen
1000052,John Boylan
1000052,Kimmy Robertson
1000052,Kyle MacLachlan
1000052,Lara Flynn Boyle
1000052,Mädchen Amick
1000052,Mary Jo Deschanel
1000052,Michael Horse
1000052,Michael J. Anderson
1000052,Michael Ontkean
1000052,Peggy Lipton
1000052,Phoebe Augustine
1000052,Piper Laurie
1000052,Ray Wise
1000052,Richard Beymer
1000052,Russ Tamblyn
1000052,Sherilyn Fenn
1000052,Sheryl Lee
1000052,Warren Frost
1000052,Wendy Robie
1000052,Arvo Katajisto
1000052,Betsy Lynn George
1000052,Beverly Gordon
1000052,Billy Zane
1000052,Brenda E. Mathers
1000052,Brenda Strong
1000052,Craig MacLachlan
1000052,David Chadwick
1000052,David Warner
1000052,Ed Wright
1000052,Gerald L'Ecuyer
1000052,Geraldine Keams
1000052,Heather Graham
1000052,J. Marvin Campbell
1000052,Jack McGee
1000052,JC Motes
1000052,Jimmy Scott
1000052,John Apicella
1000052,John Charles Sheeham
1000052,Julie Hayek
1000052,Lorna MacMillan
1000052,Matt Battaglia
1000052,Molly Shannon
1000052,Nicholas Love
1000052,Ron Blair
1000052,Steven A. Hite
1000052,Ted Raimi
1000052,Tony Burton
1000052,Will Seltzer
1000052,Willie Garson
1000051,Andrea Hays
1000051,Catherine E. Coulson
1000051,Charlotte Stewart
1000051,Dana Ashbrook
1000051,David Lynch
1000051,Don S. Davis
1000051,Eric DaRe
1000051,Everett McGill
1000051,Frank Silva
1000051,Gary Hershberger
1000051,Grace Zabriskie
1000051,Harry Goaz
1000051,Jack Nance
1000051,James Marshall
1000051,Jan D'Arcy
1000051,Joan Chen
1000051,John Boylan
1000051,Kimmy Robertson
1000051,Kyle MacLachlan
1000051,Lara Flynn Boyle
1000051,Mädchen Amick
1000051,Mary Jo Deschanel
1000051,Michael Horse
1000051,Michael J. Anderson
1000051,Michael Ontkean
1000051,Peggy Lipton
1000051,Phoebe Augustine
1000051,Piper Laurie
1000051,Ray Wise
1000051,Richard Beymer
1000051,Russ Tamblyn
1000051,Sherilyn Fenn
1000051,Sheryl Lee
1000051,Warren Frost
1000051,Wendy Robie
1000051,Arnie Stenseth
1000051,Ben DiGregorio
1000051,David Chadwick
1000051,David Wasman
1000051,Diane Caldwell
1000051,Dorothy Roberts
1000051,Frank Roberts
1000051,Jane Jones
1000051,Joey Altruda
1000051,Joseph 'Simon' Szeibert
1000051,Marjorie Nelson
1000051,Rick Tutor
1000051,Robert Davenport
1000051,Roberta Maguire
1000051,Rodney Harvey
1000051,Shelley Henning
1000051,Smokey Hormel
1000051,Steven Hodges
1000051,Tawnya Pettiford-Wates
1000051,Troy Evans
1000051,William Ungerman
1000060,John Lithgow
1000060,Abbe Lane
1000060,Donna Dixon
1000060,John Dennis Johnston
1000060,Larry Cedar
1000060,Charles Knapp
1000060,Byron McFarland
1000060,Christina Nigra
1000060,Lana Schwab
1000060,Margaret Wheeler
1000060,Eduard Franz
1000060,Margaret Fitzgerald
1000060,Jeffrey Weissman
1000060,Jeffrey Lampert
1000060,Frank Toth
1000060,Carol Serling
1000060,Dorothy Hack
1000060,Lennart Jakell
1000060,Farrell Mayer
1000060,Burgess Meredith
1000060,Rod Serling
1000060,Lee E. Stevens
1000070,John Kassir
1000070,Mary Ellen Trainor
1000070,Larry Drake
1000070,Marshall Bell
1000070,Lindsey Whitney Barry
1000070,John E. Coates
1000071,Kirk Douglas
1000071,Eric Douglas
1000071,Lance Henriksen
1000071,Dan Aykroyd
1000071,John Kassir
1000071,Dominick Morra
1000071,Steve Boyum
1000071,Chuck Picerni Jr.
1000071,Anthony Gallo
1000071,R. David Smith
1000071,Steven A. Hite
1000072,Humphrey Bogart
1000072,John Lithgow
1000072,Isabella Rossellini
1000072,Sherilyn Fenn
1000072,Robert Sacchi
1000072,John Kassir
1000072,Julie Ariola
1000072,Carl Gilliard
1000072,José Rey
1000072,Alfred Hitchcock
1000080,Orlando Bloom
1000080,Kate Beckinsale
