date,feed,ep_num,title,movie,guest
2015-03-23T19:14:01+00:00,main,1,In A Galaxy Far Far Away… - The Phantom Podcast,Star Wars: The Phantom Menace,
2015-06-08T17:56:52+00:00,main,12,Judging The Judge,The Judge,
2015-06-22T18:43:50+00:00,main,13,Unrest In The Galactic Senate - Attack Of The Podcast,Star Wars: Attack of the Clones,
2015-09-14T18:21:55+00:00,main,23a,The Podcastic Two,The Fantastic Four,
2015-09-14T18:21:55+00:00,main,23b,The Podcastic Two,Fantastic Four,
2015-09-14T18:21:55+00:00,main,23c,The Podcastic Two,Fantastic Four: Rise of the Silver Surfer,
2015-09-14T18:21:55+00:00,main,23d,The Podcastic Two,Fant4stic,
2015-09-21T20:23:38+00:00,main,24,The Beginning of The End - Revenge Of The Podcast,Star Wars: Revenge of the Sith,
2015-12-07T07:15:24+00:00,main,34,A New Podcast,Star Wars: A New Hope,
2015-12-14T20:59:35+00:00,main,35,The Podcast Strikes Back,Star Wars: The Empire Strikes Back,
2015-12-17T05:00:00+00:00,main,36,Return of the Podcast,Star Wars: Return of the Jedi,
2015-12-21T05:00:00+00:00,main,37,The Podcast Awakens,Star Wars: The Force Awakens,
2015-12-24T05:00:00+00:00,main,38,The Podcast Holiday Special with Pilot Viruet,The Star Wars Holiday Special,Pilot Viruet
2016-01-26T04:46:10+00:00,main,40a,Praying with Anger/Wide Awake,Praying with Anger,
2016-01-26T04:46:10+00:00,main,40b,Praying with Anger/Wide Awake,Wide Awake,
2016-02-01T22:53:22+00:00,main,41,The Sixth Sense with Katey Rich,The Sixth Sense,Katey Rich
2016-02-08T17:13:15+00:00,main,42,Unbreakable with Matt Patches,Unbreakable,Matt Patches
2016-02-15T05:00:00+00:00,main,43,Signs with Murf Meyer and Diana Kolsky,Signs,Murf Meyer and Diana Kolsky
2016-02-29T05:00:00+00:00,main,45,The Village with David Ehrlich,The Village,David Ehrlich
2016-03-07T07:00:00+00:00,main,46,Lady in the Water with Richard Lawson,Lady in the Water,Richard Lawson
2016-03-14T16:45:19+00:00,main,47,The Happening,The Happening,
2016-03-18T22:25:54+00:00,main,48,The Last Airbender with Seaton Smith,The Last Airbender,Seaton Smith
2016-03-25T20:05:48+00:00,main,49,After Earth with James III,After Earth,James III
2016-04-01T17:29:33+00:00,main,50,The Visit with Louis Peitzman,The Visit,Louis Peitzman
2016-04-12T17:06:17+00:00,main,51,The Buried Secret of M. Night Shyamalan,The Buried Secret of M. Night Shyamalan,
2016-04-18T17:31:15+00:00,main,52,Bound,Bound,
2016-04-22T16:18:45+00:00,main,53,Batman v Superman: Dawn of Justice - The Lost Episode,Batman v Superman: Dawn of Justice,
2016-04-25T16:22:01+00:00,main,54,The Matrix,The Matrix,
2016-04-28T22:44:21+00:00,main,55,The Matrix Reloaded,The Matrix Reloaded,
2016-05-05T20:25:09+00:00,main,56,The Matrix Revolutions,The Matrix Revolutions,
2016-05-16T16:59:37+00:00,main,57,Speed Racer with Emily Yoshida and J.D. Amato,Speed Racer,Emily Yoshida and J.D. Amato
2016-05-20T00:00:00+00:00,main,58,Cloud Atlas with Bobby Finger,Cloud Atlas,Bobby Finger
2016-05-27T22:45:02+00:00,main,59,Jupiter Ascending,Jupiter Ascending,
2016-06-03T23:19:16+00:00,main,60,Sense8,Sense8,
2016-06-10T18:46:53+00:00,main,61,The Animatrix,The Animatrix,
2016-06-17T20:09:34+00:00,main,62,Fletch,Fletch,
2016-06-23T15:41:18+00:00,main,63,Say Anything…,Say Anything…,
2016-06-30T18:40:52+00:00,main,64,Singles,Singles,
2016-07-07T17:33:40+00:00,main,65,Jerry Maguire,Jerry Maguire,
2016-07-15T19:18:49+00:00,main,66,Almost Famous,Almost Famous,
2016-07-22T23:01:51+00:00,main,67,Vanilla Sky with Richard Lawson,Vanilla Sky,Richard Lawson
2016-07-26T20:59:32+00:00,main,68,Denim Invasion Live @ DCM18 with John Trowbridge,Denim Invasion Live @ DCM18,John Trowbridge
2016-08-06T22:42:43+00:00,main,69,Suicide Squad,Suicide Squad,
2016-08-11T19:54:10+00:00,main,70,Elizabethtown,Elizabethtown,
2016-08-22T00:22:05+00:00,main,71,We Bought a Zoo,We Bought a Zoo,
2016-08-26T22:38:02+00:00,main,72,Aloha with Esther Zuckerman,Aloha,Esther Zuckerman
2016-09-04T21:16:18+00:00,main,73,Roadies with Layne Montgomery,Roadies,Layne Montgomery
2016-09-07T17:11:30+00:00,main,74,Under Siege 2: Dark Territory,Under Siege 2: Dark Territory,
2016-09-18T22:00:00+00:00,main,75,Piranha II: The Spawning,Piranha II: The Spawning,
2016-09-25T22:00:00+00:00,main,76,The Terminator with Rachel Sanders,The Terminator,Rachel Sanders
2016-10-01T23:39:58+00:00,main,77,Aliens with Fran Hoepfner,Aliens,Fran Hoepfner
2016-10-07T21:54:22+00:00,main,78,The Abyss with Josh Ruben,The Abyss,Josh Ruben
2016-10-16T23:21:06+00:00,main,79,Terminator 2: Judgement Day with Sam Rogal,Terminator 2: Judgement Day,Sam Rogal
2016-10-23T23:29:58+00:00,main,80a,Jack Reacher: Never Go Back,Jack Reacher,
2016-10-23T23:29:58+00:00,main,80b,Jack Reacher: Never Go Back,Jack Reacher: Never Go Back,
2016-10-29T00:00:00+00:00,main,81,True Lies,True Lies,
2016-11-04T00:00:00+00:00,main,82,Titanic with Emily Yoshida and Katey Rich - Part One,Titanic,Emily Yoshida and Katey Rich - Part One
2016-11-19T00:00:00+00:00,main,84a,Aliens of the Deep/Ghosts of the Abyss,Aliens of the Deep,
2016-11-19T00:00:00+00:00,main,84b,Aliens of the Deep/Ghosts of the Abyss,Ghosts of the Abyss,
2016-11-27T00:00:00+00:00,main,85,Avatar,Avatar,
2016-12-10T00:00:00+00:00,main,87,The Man Who Knew Too Little,The Man Who Knew Too Little,
2016-12-17T00:00:00+00:00,main,88,Rogue One: A Star Wars Story,Rogue One: A Star Wars Story,
2017-01-22T00:00:00+00:00,main,92,Split,Split,
2017-01-29T00:00:00+00:00,main,93,The Lost World: Jurassic Park,The Lost World: Jurassic Park,
2017-02-05T00:00:00+00:00,main,94,Amistad,Amistad,
2017-02-12T00:00:00+00:00,main,95,Saving Private Ryan with Richard Lawson,Saving Private Ryan,Richard Lawson
2017-02-26T00:00:00+00:00,main,97,A.I. Artificial Intelligence with David Rees,A.I. Artificial Intelligence,David Rees
2017-03-06T10:54:34+00:00,main,98,Minority Report with Joanna Robinson,Minority Report,Joanna Robinson
2017-03-11T00:00:00+00:00,main,99,Catch Me If You Can,Catch Me If You Can,
2017-03-18T00:00:00+00:00,main,100,Blank Check,Blank Check,
2017-03-26T00:00:00+00:00,main,101,The Terminal with Jerah Milligan,The Terminal,Jerah Milligan
2017-04-03T00:00:00+00:00,main,102,War of the Worlds with J.D. Amato,War of the Worlds,J.D. Amato
2017-04-10T00:00:00+00:00,main,103,Munich with Todd VanDerWerff,Munich,Todd VanDerWerff
2017-04-16T00:00:00+00:00,main,104,Indiana Jones and the Kingdom of the Crystal Skull with David Ehrlich,Indiana Jones and the Kingdom of the Crystal Skull,David Ehrlich
2017-04-23T00:00:00+00:00,main,105,The Adventures of Tintin with Joe Garden,The Adventures of Tintin,Joe Garden
2017-04-30T00:00:00+00:00,main,106,War Horse with Pilot Viruet,War Horse,Pilot Viruet
2017-05-08T00:00:00+00:00,main,107,Lincoln,Lincoln,
2017-05-14T00:00:00+00:00,main,108,Bridge of Spies,Bridge of Spies,
2017-05-21T00:00:00+00:00,main,109,The BFG,The BFG,
2017-05-29T00:00:00+00:00,main,110,Clifford,Clifford,
2017-06-05T00:00:00+00:00,main,111,Wonder Woman,Wonder Woman,
2017-06-18T21:00:00+00:00,main,113,The Book of Henry,The Book of Henry,
2017-06-25T21:00:00+00:00,main,114,Following,Following,
2017-07-02T21:00:00+00:00,main,115,Memento with Amy Nicholson,Memento,Amy Nicholson
2017-07-09T21:00:00+00:00,main,116,Insomnia with Alex Ross Perry,Insomnia,Alex Ross Perry
2017-07-16T21:00:00+00:00,main,117,Batman Begins,Batman Begins,
2017-07-23T21:00:00+00:00,main,118,The Prestige with Alison Willmore,The Prestige,Alison Willmore
2017-07-30T21:00:00+00:00,main,119,The Dark Knight,The Dark Knight,
2017-08-06T22:02:29+00:00,main,120,Inception,Inception,
2017-08-13T21:00:00+00:00,main,121,The Dark Knight Rises,The Dark Knight Rises,
2017-08-27T21:00:00+00:00,main,123,Interstellar,Interstellar,
2017-09-03T21:00:00+00:00,main,124,Dunkirk with Bilge Ebiri,Dunkirk,Bilge Ebiri
2017-09-10T21:05:56+00:00,main,126,The Devil Wears Prada with Romilly Newman,The Devil Wears Prada,Romilly Newman
2017-09-17T21:00:00+00:00,main,127,The Loveless,The Loveless,
2017-09-24T21:00:00+00:00,main,128,Near Dark with Mani Lazic,Near Dark,Mani Lazic
2017-10-01T21:00:00+00:00,main,129,Blue Steel with Jordan Hoffman,Blue Steel,Jordan Hoffman
2017-10-08T21:00:00+00:00,main,130,Point Break with Lux Alptraum,Point Break,Lux Alptraum
2017-10-15T21:00:00+00:00,main,131,Strange Days with Emily Yoshida,Strange Days,Emily Yoshida
2017-10-22T21:00:00+00:00,main,132,The Weight of Water with Karen Han and Emma Stefansky,The Weight of Water,Karen Han and Emma Stefansky
2017-10-29T21:00:00+00:00,main,133,K-19: The Widowmaker with Richard Lawson,K-19: The Widowmaker,Richard Lawson
2017-11-05T22:00:00+00:00,main,134,The Hurt Locker with Sonia Saraiya,The Hurt Locker,Sonia Saraiya
2017-11-12T22:00:00+00:00,main,135,Zero Dark Thirty with Demi Adejuyigbe,Zero Dark Thirty,Demi Adejuyigbe
2017-11-19T22:00:00+00:00,main,136,Detroit with Black Men Can’t Jump In Hollywood,Detroit,Black Men Can’t Jump In Hollywood
2017-11-26T22:20:03+00:00,main,137,Justice League,Justice League,
2017-12-03T22:00:00+00:00,main,138,Lost in Space with Joey Sims,Lost in Space,Joey Sims
2017-12-18T05:01:00+00:00,main,140,The Last Jedi,The Last Jedi,
2017-12-31T22:00:00+00:00,main,141,The Post,The Post,
2018-01-07T22:00:00+00:00,main,142,Flesh+Blood,Flesh+Blood,
2018-01-14T22:00:00+00:00,main,143,RoboCop,RoboCop,
2018-01-21T22:00:00+00:00,main,144,Total Recall with Andrew Jupin and Stephen Sajdak,Total Recall,Andrew Jupin and Stephen Sajdak
2018-01-28T22:36:45+00:00,main,145,Basic Instinct with Miriam Bale,Basic Instinct,Miriam Bale
2018-02-12T00:28:14+00:00,main,147,Showgirls with Caroline Framke,Showgirls,Caroline Framke
2018-02-18T23:15:15+00:00,main,148,Starship Troopers with J.D. Amato,Starship Troopers,J.D. Amato
2018-02-25T22:00:00+00:00,main,149,Hollow Man with Alex Ross Perry,Hollow Man,Alex Ross Perry
2018-03-04T22:00:00+00:00,main,150,Elle with Emily Yoshida,Elle,Emily Yoshida
2018-03-11T21:00:00+00:00,main,151,Running Scared with Paul Scheer,Running Scared,Paul Scheer
2018-03-18T21:00:00+00:00,main,153,Terms of Endearment with Valorie Curry,Terms of Endearment,Valorie Curry
2018-03-25T22:44:57+00:00,main,154,Broadcast News with Katey Rich,Broadcast News,Katey Rich
2018-04-01T21:00:00+00:00,main,156,Ready Player One,Ready Player One,
2018-04-08T21:00:00+00:00,main,157,I'll Do Anything with Esther Zuckerman,I'll Do Anything,Esther Zuckerman
2018-04-15T21:00:00+00:00,main,159,As Good as It Gets with Chris Gethard,As Good as It Gets,Chris Gethard
2018-04-22T21:00:00+00:00,main,160,Spanglish with Richard Lawson,Spanglish,Richard Lawson
2018-04-29T21:00:00+00:00,main,161,How Do You Know,How Do You Know,
2018-05-06T21:00:00+00:00,main,162,Josie and the Pussycats with Angela Ferraguto,Josie and the Pussycats,Angela Ferraguto
2018-05-13T21:00:00+00:00,main,163,The Iron Giant,The Iron Giant,
2018-05-20T21:00:00+00:00,main,164,The Incredibles with Rebecca Drysdale,The Incredibles,Rebecca Drysdale
2018-05-27T19:00:00+00:00,main,165,Solo: A Star Wars Story,Solo: A Star Wars Story,
2018-06-03T21:00:00+00:00,main,166,Ratatouille with Romilly Newman and Joey Sims,Ratatouille,Romilly Newman and Joey Sims
2018-06-10T21:00:00+00:00,main,167,Mission: Impossible – Ghost Protocol,Mission: Impossible – Ghost Protocol,
2018-06-17T21:00:00+00:00,main,168,Tomorrowland,Tomorrowland,
2018-06-24T21:00:00+00:00,main,169,Incredibles 2,Incredibles 2,
2018-07-01T21:00:00+00:00,main,171a,Pushing Hands/The Wedding Banquet,Pushing Hands,
2018-07-01T21:00:00+00:00,main,171b,Pushing Hands/The Wedding Banquet,The Wedding Banquet,
2018-07-08T21:00:00+00:00,main,172,Eat Drink Man Woman with Alison Willmore,Eat Drink Man Woman,Alison Willmore
2018-07-15T21:00:00+00:00,main,173,Sense and Sensibility with Shirley Li,Sense and Sensibility,Shirley Li
2018-07-22T21:10:13+00:00,main,174a,Hotel Transylvania Trilogy,Hotel Transylvania,
2018-07-22T21:10:13+00:00,main,174b,Hotel Transylvania Trilogy,Hotel Transylvania 2,
2018-07-22T21:10:13+00:00,main,174c,Hotel Transylvania Trilogy,Hotel Transylvania 3,
2018-07-29T21:00:00+00:00,main,175,The Ice Storm with Emily Yoshida,The Ice Storm,Emily Yoshida
2018-08-05T21:01:19+00:00,main,176,Ride with the Devil with Peter Labuza,Ride with the Devil,the Devil
2018-08-12T21:54:54+00:00,main,177,"Crouching Tiger, Hidden Dragon with David Ehrlich","Crouching Tiger, Hidden Dragon",David Ehrlich
2018-08-19T21:00:00+00:00,main,178,Hulk,Hulk,
2018-08-26T21:00:00+00:00,main,179,Brokeback Mountain with Las Culturistas,Brokeback Mountain,Las Culturistas
2018-09-02T21:00:00+00:00,main,180,"Lust, Caution with Chris Weitz","Lust, Caution",Chris Weitz
2018-09-09T21:00:00+00:00,main,181,Taking Woodstock with Alex Ross Perry,Taking Woodstock,Alex Ross Perry
2018-09-16T21:00:00+00:00,main,182,Life of Pi with Ray Tintori,Life of Pi,Ray Tintori
2018-09-23T21:00:00+00:00,main,183,Billy Lynn's Long Halftime Walk with J.D. Amato,Billy Lynn's Long Halftime Walk,J.D. Amato
2018-09-27T08:00:00+00:00,main,184,Chosen - The Hire,Chosen - The Hire,
2018-09-30T21:00:00+00:00,main,185,Space Jam with James Newman,Space Jam,James Newman
2018-10-08T01:07:51+00:00,main,186,A Star Is Born,A Star Is Born,
2018-10-14T21:00:00+00:00,main,187,The Parent Trap with Elena Lazic and Mani Lazic,The Parent Trap,Elena Lazic and Mani Lazic
2018-10-21T21:00:00+00:00,main,188,What Women Want with Lola Kirke,What Women Want,Lola Kirke
2018-10-28T21:00:00+00:00,main,189,Something's Gotta Give with Bobby Finger,Something's Gotta Give,Bobby Finger
2018-11-04T22:00:00+00:00,main,190,The Holiday with Fran Hoepfner,The Holiday,Fran Hoepfner
2018-11-11T22:00:00+00:00,main,191,It's Complicated with Sarah-Violet Bliss,It's Complicated,Sarah-Violet Bliss
2018-11-18T22:00:00+00:00,main,192,The Intern with Jamie Lee,The Intern,Jamie Lee
2018-11-25T22:00:00+00:00,main,193,Home Again with Richard Lawson,Home Again,Richard Lawson
2018-12-02T22:00:00+00:00,main,194a,Ralph Breaks the Internet,Wreck-it Ralph,
2018-12-02T22:00:00+00:00,main,194b,Ralph Breaks the Internet,Ralph Breaks the Internet,
2018-12-09T22:00:00+00:00,main,195,Pee-wee's Big Adventure,Pee-wee's Big Adventure,
2018-12-16T22:00:00+00:00,main,196,Beetlejuice with Rebecca Bulnes,Beetlejuice,Rebecca Bulnes
2018-12-23T22:00:00+00:00,main,197,Aquaman,Aquaman,
2019-01-01T05:00:02+00:00,patreon,2,Iron Man,Iron Man,
2019-01-06T09:00:00+00:00,main,198,Batman with K. Austin Collins,Batman,K. Austin Collins
2019-01-11T05:00:02+00:00,patreon,3,The Third Blank Check Mailbag/Hulk Live @ Alamo Drafthouse Downtown Brooklyn with James Schamus,Hulk Live,James Schamus
2019-01-13T09:00:00+00:00,main,199,Edward Scissorhands with Julio Torres,Edward Scissorhands,Julio Torres
2019-01-21T00:06:57+00:00,main,200,Glass,Glass,
2019-01-21T05:01:00+00:00,patreon,4,The Incredible Hulk,The Incredible Hulk,
2019-01-27T05:00:00+00:00,main,201,Batman Returns with Emily Yoshida,Batman Returns,Emily Yoshida
2019-02-01T05:01:00+00:00,patreon,6,Iron Man 2,Iron Man 2,
2019-02-03T05:00:00+00:00,main,202,Ed Wood with John Hodgman,Ed Wood,John Hodgman
2019-02-10T05:00:00+00:00,main,203,Mars Attacks! with Paul F. Tompkins,Mars Attacks!,Paul F. Tompkins
2019-02-11T05:00:01+00:00,patreon,7,What Men Want with Angela Ferraguto,What Men Want,Angela Ferraguto
2019-02-21T05:08:18+00:00,patreon,8,Thor,Thor,
2019-02-24T17:00:00+00:00,main,205,Sleepy Hollow with David Lowery,Sleepy Hollow,David Lowery
2019-03-01T05:01:01+00:00,patreon,9,Captain America: The First Avenger,Captain America: The First Avenger,
2019-03-03T05:00:00+00:00,main,206,Planet of the Apes with Matt Singer,Planet of the Apes,Matt Singer
2019-03-10T05:00:00+00:00,main,207,Big Fish with Chris Gethard,Big Fish,Chris Gethard
2019-03-11T04:00:02+00:00,patreon,11,Corpse Bride with J.D. Amato,Corpse Bride,J.D. Amato
2019-03-17T08:00:00+00:00,main,208,Charlie and the Chocolate Factory with Pilot Viruet,Charlie and the Chocolate Factory,Pilot Viruet
2019-03-21T04:00:01+00:00,patreon,13,The Avengers,The Avengers,
2019-03-24T04:00:00+00:00,main,209,Sweeney Todd: The Demon Barber of Fleet Street with Michael Cerveris,Sweeney Todd: The Demon Barber of Fleet Street,Michael Cerveris
2019-03-31T05:44:15+00:00,main,210,Alice in Wonderland with Todd VanDerWerff,Alice in Wonderland,Todd VanDerWerff
2019-04-01T04:01:00+00:00,patreon,16,Iron Man 3,Iron Man 3,
2019-04-07T04:00:00+00:00,main,211,Dark Shadows with Jamie Loftus,Dark Shadows,Jamie Loftus
2019-04-11T21:01:00+00:00,patreon,17,Frankenweenie with Jordan Fish,Frankenweenie,Jordan Fish
2019-04-14T04:00:00+00:00,main,212,Big Eyes with Richard Lawson,Big Eyes,Richard Lawson
2019-04-21T04:00:00+00:00,main,213,Miss Peregrine's Home for Peculiar Children with Emma Stefansky,Miss Peregrine's Home for Peculiar Children,Emma Stefansky
2019-04-21T04:00:01+00:00,patreon,18,Thor: The Dark World,Thor: The Dark World,
2019-04-28T04:00:00+00:00,main,214,Dumbo with Karen Han,Dumbo,Karen Han
2019-05-01T04:01:00+00:00,patreon,19,Captain America: The Winter Soldier,Captain America: The Winter Soldier,
2019-05-05T04:00:00+00:00,main,215,Assassin's Creed,Assassin's Creed,
2019-05-12T04:00:00+00:00,main,216,Pokémon: Detective Pikachu with Dan Hernandez & Benji Samit,Pokémon: Detective Pikachu,Dan Hernandez & Benji Samit
2019-05-19T04:00:00+00:00,main,217,Thief,Thief,
2019-05-21T13:53:01+00:00,patreon,22,Guardians of the Galaxy,Guardians of the Galaxy,
2019-05-26T04:00:00+00:00,main,218,The Keep with Alex Ross Perry,The Keep,Alex Ross Perry
2019-06-01T17:55:43+00:00,patreon,23,Avengers: Age of Ultron,Avengers: Age of Ultron,
2019-06-02T04:00:00+00:00,main,219,Manhunter with Chris Cabin and Eric Szyszka,Manhunter,Chris Cabin and Eric Szyszka
2019-06-09T04:00:00+00:00,main,220,The Last of the Mohicans with Dana Stevens,The Last of the Mohicans,Dana Stevens
2019-06-16T04:00:00+00:00,main,221,Heat with Jon Gabrus,Heat,Jon Gabrus
2019-06-21T04:01:00+00:00,patreon,25,Ant-Man,Ant-Man,
2019-06-23T04:00:00+00:00,main,222,The Insider with Andy Levy,The Insider,Andy Levy
2019-06-30T04:00:00+00:00,main,223,Ali with Jamelle Bouie,Ali,Jamelle Bouie
2019-07-01T04:00:02+00:00,patreon,26,Captain America: Civil War with Alejandro Kolleeny,Captain America: Civil War,Alejandro Kolleeny
2019-07-07T04:00:00+00:00,main,224,Collateral with Katey Rich,Collateral,Katey Rich
2019-07-14T04:00:00+00:00,main,225,Miami Vice,Miami Vice,
2019-07-21T04:00:00+00:00,main,226a,The Lion King,Lion King,
2019-07-21T04:00:00+00:00,main,226b,The Lion King,Cats,
2019-07-21T04:01:00+00:00,patreon,28,Doctor Strange,Doctor Strange,
2019-07-28T05:00:00+00:00,main,227,Public Enemies with Fran Hoepfner,Public Enemies,Fran Hoepfner
2019-08-01T04:00:02+00:00,patreon,29,Guardians of the Galaxy Vol. 2 with David Ehrlich,Guardians of the Galaxy Vol. 2,David Ehrlich
2019-08-04T04:00:00+00:00,main,229,Blackhat with Bilge Ebiri,Blackhat,Bilge Ebiri
2019-08-11T04:00:00+00:00,main,230,The Castle of Cagliostro,The Castle of Cagliostro,
2019-08-18T04:00:00+00:00,main,231,Nausicaä of the Valley of the Wind with Lulu Wang,Nausicaä of the Valley of the Wind,Lulu Wang
2019-08-21T04:03:32+00:00,patreon,31,Spider-Man: Homecoming with Alex Ross Perry,Spider-Man: Homecoming,Alex Ross Perry
2019-08-25T04:00:00+00:00,main,232,Castle in the Sky with Emily Yoshida,Castle in the Sky,Emily Yoshida
2019-09-01T04:00:00+00:00,main,233,My Neighbor Totoro with J.D. Amato,My Neighbor Totoro,J.D. Amato
2019-09-01T04:00:02+00:00,patreon,32,Thor: Ragnarok with Emma Stefansky,Thor: Ragnarok,Emma Stefansky
2019-09-08T04:00:00+00:00,main,234,Kiki's Delivery Service with Caroline Framke,Kiki's Delivery Service,Caroline Framke
2019-09-15T04:00:00+00:00,main,235,Porco Rosso with Justin Charity,Porco Rosso,Justin Charity
2019-09-21T04:00:01+00:00,patreon,34,Black Panther with Jamelle Bouie,Black Panther,Jamelle Bouie
2019-09-22T04:00:00+00:00,main,236,Princess Mononoke with Griffin McElroy,Princess Mononoke,Griffin McElroy
2019-09-29T04:00:00+00:00,main,237,Spirited Away with David Rees,Spirited Away,David Rees
2019-10-01T04:01:00+00:00,patreon,35,Avengers: Infinity War with John Hodgman,Avengers: Infinity War,John Hodgman
2019-10-06T04:00:00+00:00,main,238,Howl's Moving Castle with David Ehrlich,Howl's Moving Castle,David Ehrlich
2019-10-11T04:01:00+00:00,patreon,36,Whisper of the Heart with Ramona Head,Whisper of the Heart,Ramona Head
2019-10-13T04:00:00+00:00,main,239,Joker,Joker,
2019-10-20T04:00:00+00:00,main,240,Gemini Man,Gemini Man,
2019-10-21T04:00:01+00:00,patreon,37,Ant-Man and the Wasp,Ant-Man and the Wasp,
2019-10-27T04:00:00+00:00,main,241,Ponyo on the Cliff with Shirley Li,Ponyo on the Cliff,Shirley Li
2019-11-01T04:00:02+00:00,patreon,38,Captain Marvel with Esther Zuckerman,Captain Marvel,Esther Zuckerman
2019-11-03T04:00:00+00:00,main,242,The Wind Rises,The Wind Rises,
2019-11-07T05:00:00+00:00,main,243,The Kingdom of Dreams and Madness,The Kingdom of Dreams and Madness,
2019-11-10T05:00:00+00:00,main,244a,Caged Heat/ Crazy Mama/ Fighting Mad,Caged Heat,
2019-11-10T05:00:00+00:00,main,244b,Caged Heat/ Crazy Mama/ Fighting Mad,Crazy Mama,
2019-11-10T05:00:00+00:00,main,244c,Caged Heat/ Crazy Mama/ Fighting Mad,Fighting Mad,
2019-11-17T05:00:00+00:00,main,245a,Citizens Band/ Last Embrace with Justin McElroy ,Citizens Band,Justin McElroy 
2019-11-17T05:00:00+00:00,main,245b,Citizens Band/ Last Embrace with Justin McElroy ,Last Embrace,Justin McElroy 
2019-11-21T05:00:01+00:00,patreon,40,Avengers: Endgame,Avengers: Endgame,
2019-11-24T05:00:00+00:00,main,246,Melvin and Howard (and Jordan Hoffman),Melvin and Howard,
2019-12-01T05:00:00+00:00,main,247,Swing Shift,Swing Shift,
2019-12-01T05:01:01+00:00,patreon,41,Spider-Man: Far From Home,Spider-Man: Far From Home,
2019-12-08T05:00:00+00:00,main,248,Stop Making Sense with Demi Adejuyigbe,Stop Making Sense,Demi Adejuyigbe
2019-12-11T05:00:01+00:00,patreon,42,Swimming to Cambodia with Peter Newman,Swimming to Cambodia,Peter Newman
2019-12-15T05:00:00+00:00,main,249,Something Wild with Scott Aukerman ,Something Wild,Scott Aukerman 
2019-12-22T05:00:00+00:00,main,250,The Rise of Skywalker ,The Rise of Skywalker,
2020-01-01T05:01:00+00:00,patreon,44,Solo,Solo,
2020-01-05T05:00:00+00:00,main,251,Married to the Mob with Ang Ferraguto,Married to the Mob,Ang Ferraguto
2020-01-12T05:00:00+00:00,main,252,Silence of the Lambs with Emily Vanderwerff,Silence of the Lambs,Emily Vanderwerff
2020-01-19T05:00:00+00:00,main,253,Philadelphia with Richard Lawson,Philadelphia,Richard Lawson
2020-01-21T05:01:04+00:00,patreon,46,Rogue One with Chris Weitz,Rogue One,Chris Weitz
2020-01-26T05:00:00+00:00,main,254,Beloved with Jourdain Searles ,Beloved,Jourdain Searles 
2020-02-01T05:00:04+00:00,patreon,48,Star Wars,Star Wars,
2020-02-09T05:00:00+00:00,main,256,The Truth About Charlie with David Lowery,The Truth About Charlie,David Lowery
2020-02-16T05:00:00+00:00,main,257,"Birds of Prey with Ang Ferraguto, Emma Stefansky, Ashleigh Heaton, and Preeti Chhibber",Birds of Prey,"Ang Ferraguto, Emma Stefansky, Ashleigh Heaton, and Preeti Chhibber"
2020-02-21T05:00:02+00:00,patreon,50,The Empire Strikes Back,The Empire Strikes Back,
2020-03-01T05:00:00+00:00,main,259,Rachel Getting Married with Ayo Edibiri and Olivia Craighead,Rachel Getting Married,Ayo Edibiri and Olivia Craighead
2020-02-23T05:00:00+00:00,main,258a,"The Manchurian Candidate with the Flop House: Dan McCoy, Stuart Wellington, and Elliott Kalan",The Manchurian Candidate,"the Flop House: Dan McCoy, Stuart Wellington, and Elliott Kalan"
2020-02-23T05:00:00+00:00,main,258b,"The Manchurian Candidate with the Flop House: Dan McCoy, Stuart Wellington, and Elliott Kalan",The Manchurian Candidate,"the Flop House: Dan McCoy, Stuart Wellington, and Elliott Kalan"
2020-03-01T05:00:03+00:00,patreon,51,Return of the Jedi,Return of the Jedi,
2020-03-08T05:00:00+00:00,main,260a,A Master Builder with John Hodgman,A Master Builder,John Hodgman
2020-03-08T05:00:00+00:00,main,260b,A Master Builder with John Hodgman,Playmobil: The Movie,John Hodgman
2020-03-11T11:33:08+00:00,patreon,53a,THX 1138/American Graffiti,THX-1138,
2020-03-11T11:33:08+00:00,patreon,53b,THX 1138/American Graffiti,American Graffiti,
2020-03-15T16:00:00+00:00,main,261,Ricki and the Flash with Bobby Finger & Lindsey Weber,Ricki and the Flash,Bobby Finger & Lindsey Weber
2020-03-19T04:00:00+00:00,main,262,Justin Timberlake + The Tennessee Kids ,Justin Timberlake + The Tennessee Kids,
2020-03-21T04:00:02+00:00,patreon,55,The Force Awakens,The Force Awakens,
2020-03-29T15:42:54+00:00,main,264,Mad Max,Mad Max,
2020-04-01T04:00:03+00:00,patreon,57,The Last Jedi,The Last Jedi,
2020-04-05T04:00:00+00:00,main,265,Mad Max 2: The Road Warrior with Jon Gabrus,Mad Max 2: The Road Warrior,Jon Gabrus
2020-04-11T04:00:02+00:00,patreon,59,Trolls: The Experience with Richard Lawson,Trolls: The Experience,Richard Lawson
2020-04-12T04:00:00+00:00,main,266,Mad Max Beyond Thunderdome with David Ehrlich,Mad Max Beyond Thunderdome,David Ehrlich
2020-04-19T16:00:00+00:00,main,267,The Witches of Eastwick with K. Austin Collins,The Witches of Eastwick,K. Austin Collins
2020-04-21T04:00:01+00:00,patreon,60,The Rise of Skywalker,The Rise of Skywalker,
2020-04-26T04:00:00+00:00,main,268,Lorenzo's Oil with Bilge Ebiri,Lorenzo's Oil,Bilge Ebiri
2020-05-01T04:16:00+00:00,patreon,61,Babe with Emily Yoshida,Babe,Emily Yoshida
2020-05-03T14:29:51+00:00,main,269,Babe: Pig in the City with Travis McElroy,Babe: Pig in the City,Travis McElroy
2020-05-10T04:00:00+00:00,main,270,Happy Feet with Caitlin Durante,Happy Feet,Caitlin Durante
2020-05-11T04:01:00+00:00,patreon,62,Toy Story,Toy Story,
2020-05-17T16:38:03+00:00,main,271,Happy Feet Two with Sara Rubin,Happy Feet Two,Sara Rubin
2020-05-21T04:00:03+00:00,patreon,63,Toy Story 2,Toy Story 2,
2020-05-24T04:48:02+00:00,main,272,Mad Max: Fury Road with Emily Yoshida,Mad Max: Fury Road,Emily Yoshida
2020-05-28T08:00:00+00:00,main,273,"Twilight Zone: Nightmare at 20,000 Feet","Twilight Zone: Nightmare at 20,000 Feet",
2020-05-31T03:30:00+00:00,main,274,Stargate,Stargate,
2020-06-01T04:01:01+00:00,patreon,64,Toy Story 3,Toy Story 3,
2020-06-07T04:21:50+00:00,main,275,When Harry Met Sally... with Dana Stevens,When Harry Met Sally...,Dana Stevens
2020-06-14T04:00:00+00:00,main,276,This Is My Life with Michelle Collins,This Is My Life,Michelle Collins
2020-06-21T04:00:00+00:00,main,277,Sleepless in Seattle with Katey Rich,Sleepless in Seattle,Katey Rich
2020-06-21T04:00:01+00:00,patreon,66,Toy Story 4,Toy Story 4,
2020-06-28T04:00:00+00:00,main,278,Mixed Nuts with Charles Rogers ,Mixed Nuts,Charles Rogers 
2020-07-01T04:01:01+00:00,patreon,67,Mission: Impossible,Mission: Impossible,
2020-07-05T04:00:00+00:00,main,279,Michael with Kevin Porter,Michael,Kevin Porter
2020-07-11T04:00:01+00:00,patreon,68,Hanging Up with Sonia Sarayia,Hanging Up,Sonia Sarayia
2020-07-12T04:00:00+00:00,main,280,You've Got Mail with Bobby Finger & Lindsey Weber,You've Got Mail,Bobby Finger & Lindsey Weber
2020-07-19T04:00:00+00:00,main,281,Lucky Numbers with Alex Ross Perry,Lucky Numbers,Alex Ross Perry
2020-07-21T04:01:00+00:00,patreon,69,Mission: Impossible 2,Mission: Impossible II,
2020-07-26T04:00:00+00:00,main,282,Bewitched with Dana Schwartz,Bewitched,Dana Schwartz
2020-08-01T04:01:03+00:00,patreon,70,Mission: Impossible 3,Mission: Impossible III,
2020-08-02T04:00:00+00:00,main,283,Julie & Julia with Romilly Newman ,Julie & Julia,Romilly Newman 
2020-08-09T04:00:00+00:00,main,284,Love & Basketball with Carl Tart,Love & Basketball,Carl Tart
2020-08-11T04:15:04+00:00,patreon,71,Disappearing Acts,Disappearing Acts,
2020-08-16T04:00:00+00:00,main,285,The Secret Life of Bees with Jourdain Searles,The Secret Life of Bees,Jourdain Searles
2020-08-20T05:44:24+00:00,patreon,72,Mission: Impossible - Ghost Protocol,Mission: Impossible - Ghost Protocol,
2020-08-23T05:02:13+00:00,main,286,Beyond the Lights with Ayo Edebiri,Beyond the Lights,Ayo Edebiri
2020-08-30T04:07:10+00:00,main,287,The Old Guard ,The Old Guard,
2020-09-01T04:18:57+00:00,patreon,73,Mission: Impossible - Rogue Nation,Mission: Impossible - Rogue Nation,
2020-09-06T04:07:19+00:00,main,288,I Wanna Hold Your Hand with Patrick Willems,I Wanna Hold Your Hand,Patrick Willems
2020-09-11T04:30:16+00:00,patreon,74,The Way of the Gun,The Way of the Gun,
2020-09-13T05:05:47+00:00,main,289,Used Cars with Jason Mantzoukas & Paul Scheer,Used Cars,Jason Mantzoukas & Paul Scheer
2020-09-20T04:00:00+00:00,main,290,Romancing the Stone with Adam Kempenaar & Josh Larsen,Romancing the Stone,Adam Kempenaar & Josh Larsen
2020-09-21T04:01:00+00:00,patreon,75,Mission: Impossible - Fallout,Mission: Impossible - Fallout,
2020-09-27T05:04:08+00:00,main,291,Back to the Future,Back to the Future,
2020-10-01T04:00:04+00:00,patreon,76,Alien,Alien,
2020-10-04T09:10:32+00:00,main,292,Who Framed Roger Rabbit with Mike Mitchell & Nick Wiger,Who Framed Roger Rabbit,Mike Mitchell & Nick Wiger
2020-10-11T04:00:00+00:00,main,293,Back to the Future Part II with Nicole Byer,Back to the Future Part II,Nicole Byer
2020-10-18T04:00:00+00:00,main,294,Back to the Future Part III with Josh Gondelman,Back to the Future Part III,Josh Gondelman
2020-10-21T04:02:09+00:00,patreon,78,Aliens,Aliens,
2020-10-25T06:03:30+00:00,main,295,Death Becomes Her with Katey Rich,Death Becomes Her,Katey Rich
2020-11-01T04:00:00+00:00,main,296,Forrest Gump with Jamelle Bouie,Forrest Gump,Jamelle Bouie
2020-11-01T04:00:03+00:00,patreon,79,Alien 3,Alien3,
2020-11-08T14:11:49+00:00,main,297,Contact with Jamie Bell,Contact,Jamie Bell
2020-11-15T04:45:00+00:00,main,298,What Lies Beneath with Starlee Kine,What Lies Beneath,Starlee Kine
2020-11-21T17:01:01+00:00,patreon,81,Alien: Resurrection,Alien: Resurrection,
2020-11-22T05:01:38+00:00,main,299,Cast Away with Nia DaCosta,Cast Away,Nia DaCosta
2020-11-29T05:00:00+00:00,main,300,The Polar Express with Joey Sims,The Polar Express,Joey Sims
2020-12-01T05:01:01+00:00,patreon,82,Prometheus,Prometheus,
2020-12-06T05:00:00+00:00,main,301,Beowulf with Jordan Hoffman,Beowulf,Jordan Hoffman
2020-12-11T05:16:20+00:00,patreon,83,Drive-In Special,Armageddon,
2020-12-13T05:34:10+00:00,main,302,A Christmas Carol with Emily VanDerWerff,A Christmas Carol,Emily VanDerWerff
2020-12-20T05:00:00+00:00,main,303,Flight with Olivia Craighead,Flight,Olivia Craighead
2020-12-21T05:00:02+00:00,patreon,84,Alien: Covenant,Alien: Covenant,
2020-12-27T05:30:00+00:00,main,304,The Walk with J.D. Amato,The Walk,J.D. Amato
2021-01-01T05:00:05+00:00,patreon,85,Crocodile Dundee,Crocodile Dundee,
2021-01-03T05:45:02+00:00,main,305,Wonder Woman 1984,Wonder Woman 1984,
2021-01-10T05:00:00+00:00,main,306,teneT,teneT,
2021-01-17T05:00:00+00:00,main,307,Allied with Chris Weitz,Allied,Chris Weitz
2021-01-21T05:01:00+00:00,patreon,87,Crocodile Dundee II,Crocodile Dundee II,
2021-01-24T10:00:00+00:00,main,308,Welcome to Marwen with Emily Yoshida,Welcome to Marwen,Emily Yoshida
2021-01-31T04:59:00+00:00,main,309,The Witches with Richard Lawson,The Witches,Richard Lawson
2021-02-01T05:00:04+00:00,patreon,88,Crocodile Dundee in Los Angeles,Crocodile Dundee in Los Angeles,
2021-02-07T05:00:00+00:00,main,310,The Great Mouse Detective with Fran Hoepfner,The Great Mouse Detective,Fran Hoepfner
2021-02-14T06:00:00+00:00,main,311,The Little Mermaid with Esther Zuckerman,The Little Mermaid,Esther Zuckerman
2021-02-21T05:00:00+00:00,main,312,Aladdin with Jerah Milligan,Aladdin,Jerah Milligan
2021-02-21T12:00:02+00:00,patreon,90,Star Trek: The Motion Picture,Star Trek: The Motion Picture,
2021-02-28T04:58:00+00:00,main,313,Hercules with Larry Owens,Hercules,Larry Owens
2021-03-01T04:58:00+00:00,patreon,91,Star Trek II: The Wrath of Khan,Star Trek II: The Wrath of Khan,
2021-03-07T05:00:00+00:00,main,314,Treasure Planet with Emma Stefansky,Treasure Planet,Emma Stefansky
2021-03-11T05:00:03+00:00,patreon,93a,The Return of Jafar + Aladdin and the King of Thieves,The Return of Jafar,
2021-03-11T05:00:03+00:00,patreon,93b,The Return of Jafar + Aladdin and the King of Thieves,Aladdin and the King of Thieves,
2021-03-14T05:00:00+00:00,main,315,The Princess and the Frog with James III,The Princess and the Frog,James III
2021-03-21T04:00:00+00:00,main,316,Moana with Lenika Cruz,Moana,Lenika Cruz
2021-03-21T04:01:00+00:00,patreon,95,Star Trek III: The Search for Spock,Star Trek III: The Search for Spock,
2021-04-01T04:01:02+00:00,patreon,97,Star Trek IV: The Voyage Home,Star Trek IV: The Voyage Home,
2021-04-04T04:00:00+00:00,main,318,A New Leaf,A New Leaf,
2021-04-11T04:00:00+00:00,main,319,The Heartbreak Kid with Avery Edison,The Heartbreak Kid,Avery Edison
2021-04-11T04:01:00+00:00,patreon,98,Turkish Star Trek,Ömer the Tourist in Star Trek,
2021-04-18T04:00:00+00:00,main,320,Mikey and Nicky with Olivia Craighead,Mikey and Nicky,Olivia Craighead
2021-04-21T04:01:01+00:00,patreon,99,Star Trek V: The Final Frontier,Star Trek V: The Final Frontier,
2021-04-25T04:00:00+00:00,main,321,Ishtar with Clint McElroy,Ishtar,Clint McElroy
2021-05-01T16:01:03+00:00,patreon,100,Star Trek VI: The Undiscovered Country,Star Trek VI: The Undiscovered Country,
2021-05-02T04:00:00+00:00,main,322,Don Jon with Hollywood Handbook,Don Jon,Hollywood Handbook
2021-05-09T04:00:00+00:00,main,323,Boyz n the Hood with Aisha Harris,Boyz n the Hood,Aisha Harris
2021-05-16T04:00:00+00:00,main,324,Poetic Justice with Jourdain Searles,Poetic Justice,Jourdain Searles
2021-05-21T04:00:03+00:00,patreon,102,Twilight,Twilight,
2021-05-23T04:00:00+00:00,main,325,Higher Learning with Micah Peters,Higher Learning,Micah Peters
2021-05-30T04:00:00+00:00,main,326,Rosewood with Jamelle Bouie,Rosewood,Jamelle Bouie
2021-06-01T04:00:04+00:00,patreon,103,New Moon with Chris Weitz,New Moon,Chris Weitz
2021-06-06T04:00:00+00:00,main,327a,Shaft with Demi Adejuyigbe,Shaft,Demi Adejuyigbe
2021-06-06T04:00:00+00:00,main,327b,Shaft with Demi Adejuyigbe,Shaft,Demi Adejuyigbe
2021-06-06T04:00:00+00:00,main,327c,Shaft with Demi Adejuyigbe,Shaft,Demi Adejuyigbe
2021-06-11T04:01:00+00:00,patreon,104,Don't Be a Menace to South Central While Drinking Your Juice in the Hood,Don't Be a Menace to South Central While Drinking Your Juice in the Hood,
2021-06-13T04:00:00+00:00,main,328,Baby Boy with Ayo Edebiri,Baby Boy,Ayo Edebiri
2021-06-20T04:00:00+00:00,main,329,2 Fast 2 Furious with Jon Gabrus,2 Fast 2 Furious,Jon Gabrus
2021-06-21T04:00:02+00:00,patreon,105,Eclipse,Eclipse,
2021-06-27T04:00:00+00:00,main,330,Four Brothers with Jonathan Braylock,Four Brothers,Jonathan Braylock
2021-07-01T04:00:05+00:00,patreon,106,Breaking Dawn – Part 1,Breaking Dawn – Part 1,
2021-07-04T04:00:00+00:00,main,331,Abduction with Jason Concepcion,Abduction,Jason Concepcion
2021-07-11T04:00:00+00:00,main,332,Joe Dirt,Joe Dirt,
2021-07-11T04:00:02+00:00,patreon,107,The Host,The Host,
2021-07-18T06:00:00+00:00,main,333,Clifford 2: Hyper-Clifford with Tom Scharpling,Clifford 2: Hyper-Clifford,Tom Scharpling
2021-07-21T04:00:03+00:00,patreon,108,Breaking Dawn: Part 2,Breaking Dawn: Part 2,
2021-07-25T04:00:00+00:00,main,334,Space Jam: A New Legacy with James Newman,Space Jam: A New Legacy,James Newman
2021-08-01T04:00:00+00:00,main,335,Old with Marie Bardi,Old,Marie Bardi
2021-08-01T04:01:04+00:00,patreon,109,Pitch Black,Pitch Black,
2021-08-08T04:00:00+00:00,main,336,Dark Star with Emily Yoshida,Dark Star,Emily Yoshida
2021-08-11T05:06:29+00:00,patreon,110,F9: Our Return to Theaters,F9,
2021-08-15T04:00:00+00:00,main,337,Assault on Precinct 13 with April Wolfe,Assault on Precinct 13,April Wolfe
2021-08-21T04:48:44+00:00,patreon,111,The Chronicles of Riddick,The Chronicles of Riddick,
2021-08-22T04:00:00+00:00,main,338,Halloween with Alex Ross Perry,Halloween,Alex Ross Perry
2021-08-29T04:00:00+00:00,main,339,The Fog with Nia DaCosta,The Fog,Nia DaCosta
2021-09-01T04:01:03+00:00,patreon,112,Riddick,Riddick,
2021-09-05T04:00:00+00:00,main,340,Escape from New York with Karen Han,Escape from New York,Karen Han
2021-09-11T04:01:01+00:00,patreon,113,Someone's Watching Me!,Someone's Watching Me!,
2021-09-12T04:00:00+00:00,main,341a,The Thing with Emily VanDerWerff,The Thing,Emily VanDerWerff
2021-09-12T04:00:00+00:00,main,341b,The Thing with Emily VanDerWerff,The Thing from Another World,Emily VanDerWerff
2021-09-19T04:00:00+00:00,main,342,Christine with Scott Wampler & Eric Vespe,Christine,Scott Wampler & Eric Vespe
2021-09-22T04:00:24+00:00,patreon,115,The Mummy (1999),The Mummy (1999),
2021-09-26T04:00:00+00:00,main,343,Starman with Katey Rich,Starman,Katey Rich
2021-10-01T04:00:04+00:00,patreon,116,The Mummy Returns,The Mummy Returns,
2021-10-03T04:00:00+00:00,main,344,Big Trouble in Little China with Jason Mantzoukas & Paul Scheer,Big Trouble in Little China,Jason Mantzoukas & Paul Scheer
2021-10-10T04:00:00+00:00,main,345,Prince of Darkness with Keith Phipps,Prince of Darkness,Keith Phipps
2021-10-11T04:00:03+00:00,patreon,117,Elvis with Layne Montgomery & Aidan Shepard,Elvis,Layne Montgomery & Aidan Shepard
2021-10-17T04:00:00+00:00,main,346,They Live! with Mike Mitchell & Nick Wiger,They Live!,Mike Mitchell & Nick Wiger
2021-10-17T06:01:00+00:00,patreon,118,They Live! with Mike Mitchell & Nick Wiger (Sunglasses Edition),They Live!,Mike Mitchell & Nick Wiger (Sunglasses Edition)
2021-10-21T04:00:03+00:00,patreon,119,The Mummy: Tomb of the Dragon Emperor,The Mummy: Tomb of the Dragon Emperor,
2021-10-24T04:00:00+00:00,main,347,Memoirs of an Invisible Man with Alan Sepinwall,Memoirs of an Invisible Man,Alan Sepinwall
2021-10-31T04:00:00+00:00,main,348,In the Mouth of Madness with Angelica Jade Bastién,In the Mouth of Madness,Angelica Jade Bastién
2021-11-01T04:00:07+00:00,patreon,120,The Mummy (2017),The Mummy (2017),
2021-11-07T04:00:00+00:00,main,349,Village of the Damned with Amy Nicholson,Village of the Damned,Amy Nicholson
2021-11-11T05:01:01+00:00,patreon,121a,The Scorpion King (and NOT Body Bags),The Scorpion King,
2021-11-11T05:01:01+00:00,patreon,121b,The Scorpion King (and NOT Body Bags),Body Bags,
2021-11-14T05:02:31+00:00,main,350,Escape from L.A. with Matt Gourley & Paul Rust,Escape from L.A.,Matt Gourley & Paul Rust
2021-11-21T05:00:00+00:00,main,351,John Carpenter’s Vampires with David Ehrlich,John Carpenter’s Vampires,David Ehrlich
2021-11-21T05:01:49+00:00,patreon,122,The Santa Clause,The Santa Clause,
2021-11-28T05:00:00+00:00,main,352,Ghosts of Mars with Dave Schilling & Jonah Ray,Ghosts of Mars,Dave Schilling & Jonah Ray
2021-12-01T05:00:10+00:00,patreon,123,The Santa Clause 2,The Santa Clause 2,
2021-12-05T05:00:00+00:00,main,353,The Ward with Drew McWeeny,The Ward,Drew McWeeny
2021-12-12T06:00:01+00:00,main,354,Benedetta with Marie Bardi,Benedetta,Marie Bardi
2021-12-19T05:00:00+00:00,main,355,West Side Story (2021),West Side Story (2021),
2021-12-21T05:00:41+00:00,patreon,125,The Santa Clause 3,The Santa Clause 3,
2022-01-01T05:00:07+00:00,patreon,126,Ghostbusters,Ghostbusters,
2022-01-02T08:00:01+00:00,main,356,The Matrix Resurrections,The Matrix Resurrections,
2022-01-09T05:00:00+00:00,main,357,Two Friends,Two Friends,
2022-01-16T05:00:00+00:00,main,358,Sweetie with Sarah-Violet Bliss,Sweetie,Sarah-Violet Bliss
2022-01-21T05:00:02+00:00,patreon,128,Ghostbusters II,Ghostbusters II,
2022-01-23T05:00:00+00:00,main,359,An Angel at My Table with Dana Stevens,An Angel at My Table,Dana Stevens
2022-01-30T05:00:00+00:00,main,360,The Piano with Esther Zuckerman,The Piano,Esther Zuckerman
2022-02-01T04:59:09+00:00,patreon,129,Ghostbusters: Answer the Call,Ghostbusters: Answer the Call,
2022-02-06T05:00:00+00:00,main,361,The Portrait of a Lady with Marie Bardi,The Portrait of a Lady,Marie Bardi
2022-02-11T05:01:02+00:00,patreon,130,Top of the Lake with Sonia Saraiya,Top of the Lake,Sonia Saraiya
2022-02-13T05:00:00+00:00,main,362,Holy Smoke! with Kyle Buchanan,Holy Smoke!,Kyle Buchanan
2022-02-20T05:00:00+00:00,main,363,In the Cut with Jourdain Searles,In the Cut,Jourdain Searles
2022-02-21T05:01:01+00:00,patreon,131,Ghostbusters: Afterlife,Ghostbusters: Afterlife,
2022-02-27T05:00:00+00:00,main,364,Bright Star with Fran Hoepfner,Bright Star,Fran Hoepfner
2022-03-01T06:16:10+00:00,patreon,133,The Matrix,The Matrix,
2022-03-06T05:00:00+00:00,main,365,The Power of The Dog with Richard Lawson,The Power of The Dog,Richard Lawson
2022-03-11T05:00:32+00:00,patreon,134,Top of the Lake: China Girl with Alan Sepinwall,Top of the Lake: China Girl,Alan Sepinwall
2022-03-20T04:00:00+00:00,main,367,The Evil Dead,The Evil Dead,
2022-03-21T04:05:02+00:00,patreon,136,The Matrix Reloaded,The Matrix Reloaded,
2022-03-27T04:00:00+00:00,main,368,Crimewave with Brendan Hines,Crimewave,Brendan Hines
2022-04-01T04:00:06+00:00,patreon,138,The Matrix Revolutions,The Matrix Revolutions,
2022-04-03T04:00:00+00:00,main,369,Evil Dead II with John Hodgman,Evil Dead II,John Hodgman
2022-04-10T04:00:00+00:00,main,370,Darkman with Chris Weitz,Darkman,Chris Weitz
2022-04-11T04:01:02+00:00,patreon,139,Evil Dead (2013) with Marie Bardi,Evil Dead (2013),Marie Bardi
2022-04-17T04:00:00+00:00,main,371,Army of Darkness with Eva Anderson,Army of Darkness,Eva Anderson
2022-04-21T06:30:10+00:00,patreon,140,The Matrix Resurrections,The Matrix Resurrections,
2022-04-24T04:00:00+00:00,main,372,The Quick and The Dead with Roman Mars,The Quick and The Dead,Roman Mars
2022-05-01T04:00:00+00:00,main,373,A Simple Plan with Kevin Smith,A Simple Plan,Kevin Smith
2022-05-01T04:35:48+00:00,patreon,141,Batman (1966),Batman (1966),
2022-05-08T04:00:00+00:00,main,374,For Love of the Game with Olivia Craighead,For Love of the Game,Olivia Craighead
2022-05-15T04:00:00+00:00,main,375,The Gift with Starlee Kine,The Gift,Starlee Kine
2022-05-21T04:01:00+00:00,patreon,143,Batman: Mask of the Phantasm,Batman: Mask of the Phantasm,
2022-05-22T04:00:00+00:00,main,376,Spider-Man with Matt Singer,Spider-Man,Matt Singer
2022-05-29T04:00:00+00:00,main,377,Spider-Man 2 with Chris Gethard,Spider-Man 2,Chris Gethard
2022-06-01T05:30:01+00:00,patreon,144,Batman Forever,Batman Forever,
2022-06-05T04:00:00+00:00,main,378,Spider-Man 3 with Jamelle Bouie,Spider-Man 3,Jamelle Bouie
2022-06-11T04:01:01+00:00,patreon,145,"OLD DOGS - Blank Check LIVE! at the Bell House (May 12, 2022)",Old Dogs,
2022-06-12T04:00:00+00:00,main,379,Drag Me to Hell with Jamie Loftus & Caitlin Durante,Drag Me to Hell,Jamie Loftus & Caitlin Durante
2022-06-19T04:00:00+00:00,main,380,Oz the Great and Powerful with Dana Schwartz,Oz the Great and Powerful,Dana Schwartz
2022-06-21T04:01:00+00:00,patreon,146,Batman & Robin,Batman & Robin,
2022-06-26T04:00:00+00:00,main,381,Doctor Strange in the Multiverse of Madness with Patrick Willems,Doctor Strange in the Multiverse of Madness,Patrick Willems
2022-07-01T04:01:03+00:00,patreon,148,Batman v Superman: Dawn of Justice (Ultimate Edition),Batman v Superman: Dawn of Justice - Ultimate Edition,
2022-07-01T04:01:27+00:00,patreon,149,Batman v Superman: Dawn of Justice - The Lost Episode (Remastered),Batman v Superman: Dawn of Justice - The Lost Episode,
2022-07-03T04:01:00+00:01,main,382,Sweet Charity,Sweet Charity,
2022-07-10T04:01:00+00:01,main,383,Cabaret,Cabaret,
2022-07-11T20:25:09+00:00,patreon,151,Liza with a Z,Liza with a Z,a Z
2022-07-17T04:01:00+00:01,main,384,Lenny,Lenny,
2022-07-21T20:25:09+00:00,patreon,152,Lego Batman,Lego Batman,
2022-07-24T04:01:00+00:01,main,385,All That Jazz,All That Jazz,
2022-07-31T04:01:00+00:01,main,386,Star 80,Star 80,
2022-08-01T20:25:09+00:00,patreon,153,The Batman,The Batman,
2022-08-07T20:25:09+00:00,main,387a,Fear and Desire,Fear and Desire,
2022-08-07T20:25:09+00:00,main,387b,Killer's Kiss,Killer's Kiss,
2022-08-11T20:25:09+00:00,patreon,154,Sully,Sully,
2022-08-14T20:25:09+00:00,main,388,The Killing,The Killing,
2022-08-21T20:25:09+00:00,main,389,Paths of Glory,Paths of Glory,
2022-08-21T20:25:09+00:00,patreon,155,Live and Let Die,Live and Let Die,
2022-08-28T20:25:09+00:00,main,390,Spartacus,Spartacus,
2022-09-01T20:25:09+00:00,patreon,156,The Man with the Golden Gun,The Man with the Golden Gun,the Golden Gun
2022-09-03T20:25:09+00:00,main,391,Lolita,Lolita,
2022-09-11T20:25:09+00:00,main,392,Three Thousand Years of Longing,Three Thousand Years of Longing,
2022-09-11T20:25:09+00:00,patreon,157,The Spy Who Loved Me,The Spy Who Loved Me,
2022-09-18T20:25:09+00:00,main,393,Pinocchio (2022),Pinocchio (2022),
2022-09-21T20:25:09+00:00,patreon,158,"Confess, Fletch","Confess, Fletch",
2022-09-25T20:25:09+00:00,main,394,The Woman King,The Woman King,
2022-10-01T20:25:09+00:00,patreon,159,Moonraker,Moonraker,
2022-10-02T20:25:09+00:00,main,395,Dr. Strangelove,Dr. Strangelove,
2022-10-09T20:25:09+00:00,main,396,2001: A Space Odyssey,2001: A Space Odyssey,
2022-10-11T20:25:09+00:00,patreon,160,For Your Eyes Only,For Your Eyes Only,
2022-10-16T20:25:09+00:00,main,397,A Clockwork Orange,A Clockwork Orange,
2022-10-21T20:25:09+00:00,patreon,161,2010: The Year We Make Contact,2010: The Year We Make Contact,
2022-10-23T20:25:09+00:00,main,398,Barry Lyndon,Barry Lyndon,
2022-10-30T20:25:09+00:00,main,399,The Shining,The Shining,
2022-11-01T20:25:09+00:00,patreon,162,Octopussy,Octopussy,
2022-11-06T20:25:09+00:00,main,400,Full Metal Jacket,Full Metal Jacket,
2022-11-11T20:25:09+00:00,patreon,163,Doctor Sleep,Doctor Sleep,
2022-11-13T20:25:09+00:00,main,401,Eyes Wide Shut,Eyes Wide Shut,
2022-11-20T20:25:09+00:00,main,402,The Fabelmans,The Fabelmans,
2022-11-21T20:25:09+00:00,patreon,164,A View to a Kill,A View to a Kill,
2022-11-27T20:25:09+00:00,main,403,The Nightmare Before Christmas,The Nightmare Before Christmas,
2022-12-01T20:25:09+00:00,patreon,165,National Treasure,National Treasure,
2022-12-04T20:25:09+00:00,main,404,James and the Giant Peach,James and the Giant Peach,
2022-12-11T20:25:09+00:00,main,405,Monkeybone,Monkeybone,
2022-12-18T20:25:09+00:00,main,406,Avatar: The Way of Water,Avatar: The Way of Water,
2022-12-21T20:25:09+00:00,patreon,166,National Treasure: Book of Secrets,National Treasure: Book of Secrets,
2023-01-01T20:25:09+00:00,patreon,167,Koyaanisqatsi,Koyaanisqatsi
2023-01-08T20:25:09+00:00,main,407,Coraline,Coraline,
2023-01-15T20:25:09+00:00,main,408,Wendell & Wild,Wendell & Wild,
2023-01-21T20:25:09+00:00,patreon,169,Powaqqatsi,Powaqqatsi
2023-01-22T20:25:09+00:00,main,409,Shallow Grave,Shallow Grave
2023-01-29T20:25:09+00:00,main,410,Trainspotting,Trainspotting
2023-02-01T20:25:09+00:00,patreon,170,Naqoyqatsi,Naqoyqatsi
2023-02-05T20:25:09+00:00,main,411,A Life Less Ordinary,A Life Less Ordinary
2023-02-11T20:25:09+00:00,patreon,171,Street Fighter,Street Fighter
2023-02-12T20:25:09+00:00,main,412,Knock at the Cabin,Knock at the Cabin
2023-02-19T20:25:09+00:00,main,413,The Beach,The Beach
2023-02-21T20:25:09+00:00,patreon,172,Men in Black,Men in Black
2023-02-26T20:25:09+00:00,main,414,28 Days Later,28 Days Later
2023-03-01T20:25:09+00:00,patreon,173,Men in Black 2,Men in Black 2
2023-03-11T20:25:09+00:00,patreon,174,28 Weeks Later,28 Weeks Later
2023-03-12T20:25:09+00:00,main,416,Millions,Millions
2023-03-19T20:25:09+00:00,main,417,Sunshine,Sunshine
2023-02-21T20:25:09+00:00,patreon,175,Men in Black 3,Men in Black 3
2023-03-26T20:25:09+00:00,main,418,Slumdog Millionaire,Slumdog Millionaire
2023-04-01T20:25:09+00:00,patreon,176,Men in Black: International,Men in Black: International
2023-04-02T20:25:09+00:00,main,419,127 Hours,127 Hours
2023-04-09T20:25:09+00:00,main,420,Trance,Trance
2023-04-11T20:25:09+00:00,patreon,177,London 2012 Olympic Opening Ceremony: Isles of Wonder,London 2012 Olympic Opening Ceremony: Isles of Wonder
2023-04-16T20:25:09+00:00,main,421,Steve Jobs,Steve Jobs
2023-04-21T20:25:09+00:00,patreon,178,Planet of the Apes,Planet of the Apes,
2023-04-23T20:25:09+00:00,main,422,T2 Trainspotting,T2 Trainspotting
2023-04-30T20:25:09+00:00,main,423,Yesterday,Yesterday
2023-05-01T20:25:09+00:00,patreon,179,Beneath the Planet of the Apes,Beneath the Planet of the Apes,
2023-05-07T20:25:09+00:00,main,424a,Three Ages,Three Ages
2023-05-07T20:25:09+00:00,main,424b,Our Hospitality,Our Hospitality
2023-05-14T20:25:09+00:00,main,425a,Sherlock Jr.,Sherlock Jr.
2023-05-14T20:25:09+00:00,main,425b,The Navigator,The Navigator
2023-05-21T20:25:09+00:00,patreon,181,Escape from the Planet of the Apes,Escape from the Planet of the Apes,
2023-05-21T20:25:09+00:00,main,426a,Seven Chances,Seven Chances
2023-05-21T20:25:09+00:00,main,426b,Go West,Go West
2023-05-28T20:25:09+00:00,main,427a,Battling Butler,Battling Butler
2023-05-28T20:25:09+00:00,main,427b,The General,The General
2023-06-01T20:25:09+00:00,patreon,182,Conquest of the Planet of the Apes,Conquest of the Planet of the Apes,
2023-06-04T20:25:09+00:00,main,428a,College,College
2023-06-04T20:25:09+00:00,main,428b,Steamboat Bill Jr.,Steamboat Bill Jr.
2023-06-11T20:25:09+00:00,main,429a,The Cameraman,The Cameraman
2023-06-11T20:25:09+00:00,main,429b,Spite Marriage,Spite Marriage
2023-06-18T20:25:09+00:00,main,430,The Moon Is... the Sun's Dream,The Moon Is... the Sun's Dream
2023-06-21T20:25:09+00:00,patreon,184,Battle for the Planet of the Apes,Battle for the Planet of the Apes,
2023-06-25T20:25:09+00:00,main,431,Trio,Trio
2023-07-01T20:25:09+00:00,patreon,185,Ocean's Eleven (1960),Ocean's Eleven (1960),
2023-07-02T20:25:09+00:00,main,432,Joint Security Area,Joint Security Area
2023-07-21T20:25:09+00:00,patreon,187,Ocean's Eleven (2001),Ocean's Eleven (2001),
2023-07-09T20:25:09+00:00,main,433,Sympathy for Mr. Vengeance,Sympathy for Mr. Vengeance
2023-07-16T20:25:09+00:00,main,434,Oldboy,Oldboy
2023-07-23T20:25:09+00:00,main,435,Sympathy for Lady Vengeance,Sympathy for Lady Vengeance
2023-07-30T20:25:09+00:00,main,436,"I'm a Cyborg, But That's OK","I'm a Cyborg, But That's OK"
2023-08-01T20:25:09+00:00,patreon,188,Ocean's Twelve,Ocean's Twelve,
2023-08-06T20:25:09+00:00,main,437,Thirst,Thirst
2023-08-13T20:25:09+00:00,main,438,Stoker,Stoker
2023-08-20T20:25:09+00:00,main,439,The Handmaiden,The Handmaiden
2023-08-21T20:25:09+00:00,patreon,190,Ocean's Thirteen,Ocean's Thirteen,
2023-08-27T20:25:09+00:00,main,440,Decision to Leave,Decision to Leave
2023-09-01T20:25:09+00:00,patreon,191,Ocean's Eight,Ocean's Eight,
