ep_num,movie
1,The Phantom Menace
12,The Judge
13,Attack Of The Clones
23,The Fantastic Four
23,Fant4stic
24,Revenge Of The Sith
30,The Clone Wars (2005)
34,Star Wars
35,The Empire Strikes Back
36,Return of the Jedi
37,Star Wars: The Force Awakens
38,The Star Wars Holiday Special
40,Praying with Anger
40,Wide Awake
41,The Sixth Sense
42,Unbreakable
43,Signs
45,The Village
46,Lady in the Water
47,The Happening
48,The Last Airbender
49,After Earth
50,The Visit
51,The Buried Secret of M. Night Shyamalan
52,Bound
53,Batman v Superman: Dawn of Justice
54,The Matrix
55,The Matrix Reloaded
56,The Matrix Revolutions
57,Speed Racer
58,Cloud Atlas
59,Jupiter Ascending
60,Sense8
61,The Animatrix
62,Fletch
63,Say Anything
64,Singles
65,Jerry Maguire
66,Almost Famous
67,Vanilla Sky
68,Denim Invasion
69,Suicide Squad
70,Elizabethtown
71,We Bought a Zoo
72,Aloha
73,Roadies
74,Under Siege 2: Dark Territory
75,Piranha II: The Spawning
76,The Terminator
77,Aliens
78,The Abyss
79,Terminator 2: Judgement Day
80,Jack Reacher
80,Jack Reacher: Never Go Back
81,True Lies
82,Titanic
84,Aliens of the Deep
84,Ghosts of the Abyss
85,Avatar
86,Toruk: The First Flight
87,The Man Who Knew Too Little
88,Rogue One: A Star Wars Story
92,Split
93,The Lost World: Jurassic Park
94,Amistad
95,Saving Private Ryan
97,A.I. Artificial Intelligence
98,Minority Report
99,Catch Me If You Can
100,Blank Check
101,The Terminal
102,War of the Worlds
103,Munich
104,Indiana Jones and the Kingdom of the Crystal Skull
105,The Adventures of Tintin
106,War Horse
107,Lincoln
108,Bridge of Spies
109,The BFG
110,Clifford
111,Wonder Woman
113,The Book of Henry
114,Following
115,Memento
116,Insomnia
117,Batman Begins
118,The Prestige
119,The Dark Knight
120,Inception
121,The Dark Knight Rises
123,Interstellar
124,Dunkirk
126,The Devil Wears Prada
127,The Loveless
128,Near Dark
129,Blue Steel
130,Point Break
131,Strange Days
132,The Weight of Water
133,K-19: The Widowmaker
134,The Hurt Locker
135,Zero Dark Thirty
136,Detroit
137,Justice League
138,Lost in Space
140,The Last Jedi
141,The Post
142,Flesh+Blood
143,RoboCop
144,Total Recall
145,Basic Instinct
147,Showgirls
148,Starship Troopers
149,Hollow Man
150,Elle
151,Running Scared
153,Terms of Endearment
154,Broadcast News
156,Ready Player One
157,I'll Do Anything
159,As Good as It Gets
160,Spanglish
161,How Do You Know
162,Josie and the Pussycats
163,The Iron Giant
164,The Incredibles
165,Solo: A Star Wars Story
166,Ratatouille
167,Mission: Impossible – Ghost Protocol
168,Tomorrowland
169,Incredibles 2
170,Family Dog - Amazing Stories
171,Pushing Hands
171,The Wedding Banquet
172,Eat Drink Man Woman
173,Sense and Sensibility
174,Hotel Transylvania
174,Hotel Transylvania 2
174,Hotel Transylvania 3
175,The Ice Storm
176,Ride with the Devil
177,Crouching Tiger, Hidden Dragon
178,Hulk
179,Brokeback Mountain
180,Lust, Caution
181,Taking Woodstock
182,Life of Pi
183,Billy Lynn's Long Halftime Walk
184,Chosen - The Hire
185,Space Jam
186,A Star Is Born
187,The Parent Trap
188,What Women Want
189,Something's Gotta Give
190,The Holiday
191,It's Complicated
192,The Intern
193,Home Again
194,Wreck-It-Ralph
194,Ralph Breaks the Internet
195,Pee-wee's Big Adventure
196,Beetlejuice
197,Aquaman
198,Batman
199,Edward Scissorhands
200,Glass
201,Batman Returns
202,Ed Wood
203,Mars Attacks!
205,Sleepy Hollow
206,Planet of the Apes
207,Big Fish
208,Charlie and the Chocolate Factory
209,Sweeney Todd: The Demon Barber of Fleet Street
210,Alice in Wonderland
211,Dark Shadows
212,Big Eyes
213,Miss Peregrine's Home for Peculiar Children
214,Dumbo
215,Assassin's Creed
216,Pokémon: Detective Pikachu
217,Thief
218,The Keep
219,Manhunter
220,The Last of the Mohicans
221,Heat
222,The Insider
223,Ali
224,Collateral
225,Miami Vice
226,The Lion King
227,Public Enemies
229,Blackhat
230,The Castle of Cagliostro
231,Nausicaä of the Valley of the Wind
232,Castle in the Sky
233,My Neighbor Totoro
234,Kiki's Delivery Service
235,Porco Rosso
236,Princess Mononoke
237,Spirited Away
238,Howl's Moving Castle
239,Joker
240,Gemini Man
241,Ponyo on the Cliff
242,The Wind Rises
243,The Kingdom of Dreams and Madness
244,Caged Heat
244,Crazy Mama
244,Fighting Mad
245,Citizens Band
245,Last Embrace
246,Melvin and Howard
247,Swing Shift
248,Stop Making Sense
249,Something Wild
250,The Rise of Skywalker 
251,Married to the Mob
252,Silence of the Lambs
253,Philadelphia
254,Beloved
256,The Truth About Charlie
257,Birds of Prey
258,The Manchurian Candidate
259,Rachel Getting Married
260,A Master Builder
261,Ricki and the Flash
262,Justin Timberlake + The Tennessee Kids
264,Mad Max 1
265,Mad Max 2: The Road Warrior
266,Mad Max Beyond Thunderdome
267,The Witches of Eastwick
268,Lorenzo's Oil
269,Babe: Pig in the City
270,Happy Feet
271,Happy Feet Two
272,Mad Max: Fury Road
273,Twilight Zone: The Movie
274,Stargate
275,When Harry Met Sally...
276,This Is My Life
277,Sleepless in Seattle
278,Mixed Nuts
279,Michael
280,You've Got Mail
281,Lucky Numbers
282,Bewitched
283,Julie & Julia
284,Love & Basketball
285,The Secret Life of Bees
286,Beyond the Lights
287,The Old Guard
288,I Wanna Hold Your Hand
289,Used Cars
290,Romancing the Stone
291,Back to the Future
292,Who Framed Roger Rabbit
293,Back to the Future Part II
294,Back to the Future Part III
295,Death Becomes Her
296,Forrest Gump
297,Contact
298,What Lies Beneath
299,Cast Away
300,The Polar Express
301,Beowulf
302,A Christmas Carol
303,Flight
304,The Walk
305,Wonder Woman 1984
306,teneT
307,Allied
308,Welcome to Marwen
309,The Witches
310,The Great Mouse Detective
311,The Little Mermaid
312,Aladdin
313,Hercules
314,Treasure Planet
